"","Study_ID","PID1_1","PID2_1","PID3_1","PID4_1","PID5_1","PID6_1","PID7_1","PID8_1","PID9_1","PID10_1","PID11_1","PID12_1","PID13_1","PID14_1","PID15_1","PID16_1","PID17_1","PID18_1","PID19_1","PID20_1","PID21_1","PID22_1","PID23_1","PID24_1","PID25_1","Age","Gender","Ethnicity"
"3","101","1","1","1","1","1","1","1","1","1","1","1","1","3","1","2","2","1","1","2","1","2","1","1","1","1","18","2","2"
"4","114","3","2","3","3","3","2","2","3","3","3","2","3","2","2","3","3","2","3","2","3","3","3","2","3","2","18","2","2"
"5","","","","","","","","","","","","","","","","","","","","","","","","","","","","",""
"6","120","1","1","1","1","1","1","1","1","1","1","1","1","1","2","3","3","3","2","3","2","3","2","3","2","3","20","2","7"
"7","122","2","2","2","3","2","2","3","3","3","3","3","3","2","2","2","2","2","2","2","2","2","2","2","2","2","22","1","7"
"8","110","2","2","2","2","2","1","2","2","2","2","2","2","2","2","2","2","2","2","2","2","2","1","3","2","1","19","2","2"
"9","129","1","2","3","3","2","2","2","3","1","4","4","3","2","2","3","2","1","2","4","3","4","4","3","4","2","18","1","2"
"10","109","1","3","2","4","1","3","3","4","4","4","4","4","4","1","2","3","1","2","4","2","3","1","4","3","1","20","2","7"
"11","107","1","1","1","2","2","2","1","3","2","2","2","2","3","2","2","2","1","2","1","3","2","3","3","2","2","21","2","2"
"12","141","1","1","1","1","1","1","1","1","1","1","1","1","1","1","1","2","1","1","1","1","1","1","1","1","1","18","2","2"
"13","119","2","3","3","4","3","4","4","2","2","4","2","2","3","4","4","1","2","1","1","3","4","4","1","2","4","19","2","7"
"14","148","3","1","3","1","3","1","2","1","1","1","1","1","1","1","1","3","2","1","3","1","4","1","1","1","1","18","2","7"
"15","154","2","2","2","2","2","2","2","2","2","2","2","2","2","2","2","2","2","2","2","2","2","2","2","2","2","19","2","1"
"16","113","1","3","2","3","3","1","2","3","4","2","3","3","1","1","3","1","1","1","1","1","4","1","1","2","1","","2","2,3,5"
"17","108","1","1","1","2","1","1","2","2","1","3","3","2","3","1","2","1","1","1","3","1","3","2","2","1","1","18","2","2"
"18","13909","3","3","3","2","2","2","3","4","2","3","2","2","4","1","2","3","2","2","2","2","4","1","3","2","2","18","2","2"
"19","151","3","2","3","4","3","2","3","4","2","3","2","1","4","2","3","3","1","3","3","2","3","2","4","3","2","18","2","2"
"20","112","1","2","3","3","1","2","3","2","1","2","2","1","1","1","3","1","1","1","2","1","2","1","3","1","1","18","1","6"
"21","125","1","1","1","1","1","1","1","1","2","1","1","1","1","1","3","2","1","1","2","1","1","2","1","1","1","20","2","7"
"22","132","3","3","3","2","3","1","2","3","3","4","2","3","2","2","3","2","2","2","3","3","2","2","2","2","2","19","2","2"
"23","14030","3","2","3","2","3","3","2","3","2","3","3","2","3","2","3","3","2","3","2","3","3","2","3","2","3","20","2","2"
"24","140","1","1","1","1","1","1","2","3","1","3","1","1","2","1","1","1","1","3","3","1","2","3","2","1","3","19","1","2"
"25","147","1","1","1","4","2","2","2","2","4","3","3","1","4","1","1","1","1","1","4","1","1","1","2","1","2","18","2","6"
"26","","","","","","","","","","","","","","","","","","","","","","","","","","","","",""
"27","152","2","2","3","3","1","1","3","3","4","4","3","2","1","2","3","3","1","2","2","1","3","1","3","3","2","21","2","7"
"28","166","3","2","4","3","3","3","2","2","2","1","2","1","3","3","1","3","2","2","2","2","2","3","4","1","3","","2","2"
"29","159","3","4","4","4","3","1","3","4","4","4","2","3","1","1","3","1","1","1","4","1","2","1","3","3","1","21","2","2,7"
"30","164","1","1","2","2","1","2","4","4","3","2","2","2","1","2","3","2","1","3","4","2","2","1","4","4","1","","2","2"
"31","128","3","3","3","3","1","1","3","2","4","3","3","3","3","2","2","3","1","2","2","2","3","1","4","2","1","18","2","7"
"32","144","3","3","3","3","3","2","2","3","2","2","3","3","3","3","3","3","2","3","2","2","3","3","3","3","3","21","1","2"
"33","134","3","4","4","2","4","4","2","1","1","3","1","1","1","1","2","1","1","1","3","2","1","4","1","1","4","19","1","7"
"34","168","1","2","2","3","1","3","3","3","4","4","3","1","1","1","2","2","1","1","2","1","3","1","3","2","1","19","2","2"
"35","","","","","","","","","","","","","","","","","","","","","","","","","","","","",""
"36","119","","","","","","","","","","","","","","","","","","","","","","","","","","","",""
"37","","","","","","","","","","","","","","","","","","","","","","","","","","","","",""
"38","182","2","2","2","3","2","2","4","4","3","3","4","3","3","1","2","3","1","3","2","2","4","1","3","3","1","19","2","2"
"39","177","3","3","3","3","3","3","2","1","2","1","1","2","4","2","1","3","2","1","1","4","2","3","3","4","3","18","1","3"
"40","187","2","2","1","3","1","1","2","3","4","4","3","1","1","1","2","2","1","1","2","2","2","2","3","2","1","18","2","7"
"41","183","3","3","3","4","3","4","4","4","4","1","4","1","4","4","4","4","1","1","3","1","4","1","4","1","1","","3","2"
"42","106","","","","","","","","","","","","","","","","","","","","","","","","","","","",""
"43","","","","","","","","","","","","","","","","","","","","","","","","","","","","",""
"44","169","1","3","3","3","1","3","2","3","3","3","3","2","4","2","3","3","2","2","3","2","2","1","2","2","2","19","2","2"
"45","153","1","3","3","2","2","3","2","4","3","3","2","1","2","1","3","3","2","1","3","1","2","2","3","1","1","19","2","3"
"46","","","","","","","","","","","","","","","","","","","","","","","","","","","","",""
"47","188","1","1","2","2","2","3","2","3","3","3","3","2","1","1","3","1","1","1","3","1","3","1","2","1","1","","2","2"
"48","176","1","2","3","3","3","2","3","2","2","3","2","1","2","1","2","2","1","1","3","2","2","3","2","1","2","18","2","7"
"49","189","1","2","1","3","1","3","2","2","3","3","2","1","1","2","3","2","1","2","2","1","1","1","4","3","1","22","2","7"
"50","202","2","3","4","4","2","3","4","4","4","4","4","1","1","1","4","2","1","1","4","1","2","2","2","4","1","20","2","2"
"51","126","1","1","1","2","1","3","2","2","3","3","1","1","1","1","1","1","1","1","2","1","1","2","1","1","1","21","2","7"
"52","203","1","3","3","3","3","3","3","3","3","3","3","2","3","3","3","3","2","2","4","2","3","2","4","3","2","19","2","2"
"53","179","3","2","2","1","2","3","4","3","2","1","2","3","","4","3","2","1","2","","3","","2","3","2","1","19","2","3"
"54","204","1","1","1","1","1","1","1","1","1","4","1","1","2","1","4","4","1","1","1","1","1","1","1","1","1","18","2","7"
"55","221","2","1","2","2","1","1","2","3","3","3","3","1","1","2","3","3","1","2","1","2","2","1","2","2","2","25","1","2"
"56","213","1","1","1","1","1","1","2","1","1","1","2","2","1","1","1","2","1","1","3","2","2","1","1","1","1","18","2","6"
"57","212","1","1","1","3","1","1","3","2","3","3","2","1","4","1","1","3","1","2","3","1","1","1","3","3","1","21","2","2"
"58","173","1","3","3","3","2","3","3","4","4","3","3","3","4","4","4","4","2","4","4","2","4","4","4","4","2","18","2","1"
"59","153","1","2","3","1","1","4","1","3","3","3","1","1","1","1","3","3","2","2","2","1","1","1","3","1","1","19","2","3"
"60","14625","2","3","3","3","2","3","2","3","3","3","4","3","3","2","2","2","1","3","3","1","4","2","3","4","4","19","2","7"
"61","210","2","2","2","1","3","3","4","4","4","2","3","2","2","1","2","1","1","2","3","1","3","1","3","4","1","","2","7"
"62","9999","","","","","","","","","","","","","","","","","","","","","","","","","","","",""
"63","205","","","","","","","","","","","","","","","","","","","","","","","","","","","",""
"64","219","1","2","1","3","1","2","3","3","2","1","2","1","3","2","3","3","2","3","2","1","3","1","3","3","1","19","2","6"
"65","226","3","2","2","2","2","1","1","2","2","2","2","1","2","2","2","2","2","2","1","1","1","1","1","1","1","","2","2"
"66","217","2","4","3","3","2","4","3","2","4","1","2","2","3","1","2","2","1","1","2","1","2","1","3","1","1","19","2","1"
"67","174","","","","","","","","","","","","","","","","","","","","","","","","","","","",""
"68","","","","","","","","","","","","","","","","","","","","","","","","","","","","",""
"69","229","2","2","2","2","2","2","2","3","3","2","2","2","1","1","3","2","1","1","2","1","2","2","1","1","2","18","2","2"
"70","130","1","2","1","3","1","1","1","4","2","1","2","1","2","1","1","2","1","2","2","1","2","1","1","1","1","21","2","7"
"71","227","1","1","1","1","1","2","1","3","3","2","3","3","1","1","2","1","1","1","3","1","2","1","1","2","1","19","2","6"
"72","219","","","","","","","","","","","","","","","","","","","","","","","","","","","",""
"73","225","1","1","1","1","1","1","3","3","3","2","1","2","2","1","1","1","1","1","4","2","1","1","2","2","1","21","2","2"
"74","234","1","3","1","2","1","1","1","2","2","3","3","2","1","1","2","2","1","2","3","4","2","1","4","2","1","18","1","2"
"75","246","1","1","1","1","1","1","1","1","1","1","1","1","3","1","1","3","1","1","1","1","1","1","1","1","1","18","2","7"
"76","245","1","1","1","4","2","2","3","3","2","2","3","1","1","3","3","3","2","3","1","3","3","2","4","3","1","19","2","7"
"77","250","1","2","2","2","1","3","1","2","2","4","3","1","1","3","2","2","1","3","2","1","1","3","1","2","2","19","1","6"
"78","218","2","2","2","2","2","2","2","4","3","4","3","3","1","1","2","1","1","2","2","1","1","1","2","1","1","","1","5"
"79","254","2","2","2","3","3","1","2","1","2","2","4","3","2","2","3","3","3","3","2","2","2","3","4","3","2","19","2","7"
"80","214","1","1","1","1","1","1","1","3","2","1","2","","3","1","1","2","1","2","1","1","2","1","1","1","1","","2","3"
"81","139","2","2","2","2","","2","2","2","2","2","2","2","2","","2","","2","","3","","2","3","2","3","3","","2","6"
"82","15528","1","1","1","1","1","2","","2","1","1","3","1","3","1","2","3","1","1","1","1","4","1","1","1","1","18","2","7"
"83","265","1","3","2","3","2","1","2","3","3","4","3","3","1","1","2","1","1","1","4","3","4","1","1","2","1","18","2","1"
"84","270","1","2","1","2","1","2","2","3","2","1","2","1","2","1","1","1","1","1","1","1","3","1","4","2","1","19","2","1"
"85","263","1","1","1","1","1","1","1","4","1","1","1","1","1","1","1","1","1","1","2","1","1","1","4","1","1","19","2","2"
"86","258","","","","","","","","","","","","","","","","","","","","","","","","","","","",""
"87","","","","","","","","","","","","","","","","","","","","","","","","","","","","",""
"88","214","1","1","1","1","1","1","1","3","3","2","2","2","4","3","3","2","2","3","3","2","2","2","2","2","1","18","2","3"
"89","269","3","2","1","4","1","2","3","4","2","3","3","2","3","2","4","3","2","3","1","2","3","1","1","3","1","","2","7"
"90","271","3","3","4","3","3","3","4","3","2","2","1","3","1","2","2","3","1","2","2","3","4","1","4","2","2","","1","2"
"91","277","2","3","2","3","2","3","2","3","2","3","2","3","2","3","2","3","2","3","2","3","2","3","2","3","2","19","2","2"
"92","279","1","1","1","1","1","1","1","1","1","1","1","4","1","1","1","1","1","1","1","1","4","2","1","1","3","21","1","6"
"93","276","1","2","2","3","1","2","2","4","4","4","4","1","2","2","3","1","1","1","2","1","1","1","3","1","1","","2","2"
"94","16164","2","1","2","3","3","2","3","2","3","4","3","1","3","2","3","1","1","2","2","1","3","1","2","1","1","","1","3"
"95","275","3","2","1","1","3","2","3","1","1","1","1","1","2","1","1","3","1","3","3","1","3","3","1","1","1","18","2","1,3"
"96","286","1","3","1","4","2","3","2","3","4","2","1","1","2","1","","2","1","3","4","2","2","3","4","4","1","18","2","6"
"97","289","1","1","1","2","2","2","3","3","2","2","2","2","4","2","2","2","2","2","2","2","3","2","3","3","2","18","2","2"
"98","296","1","1","1","1","1","1","1","4","3","4","1","1","3","3","3","3","3","2","4","4","2","4","2","1","4","20","1","2"
"99","16235","3","2","3","4","1","2","2","4","3","4","1","3","1","1","2","2","1","1","4","1","3","1","2","1","1","","2","2"
"100","292","1","2","1","2","1","2","2","3","4","4","2","1","2","2","3","3","1","2","2","1","2","1","3","3","1","18","2","2"
"101","297","1","4","4","3","3","4","2","3","3","4","3","1","2","1","2","2","2","2","4","3","1","1","1","1","2","18","2","7"
"102","300","3","3","3","4","3","3","4","4","4","4","2","1","3","2","3","2","1","2","4","2","4","3","3","3","1","19","2","7"
"103","298","","","","","","","","","","","","","","","","","","","","","","","","","","","",""
"104","","","","","","","","","","","","","","","","","","","","","","","","","","","","",""
"105","299","1","3","3","3","3","1","3","4","3","4","3","3","2","1","3","2","1","1","2","3","4","2","3","3","1","19","1","2"
"106","301","1","1","1","1","1","1","1","3","2","2","2","1","1","1","1","1","2","3","2","3","2","1","1","1","1","","1","6"
"107","382","3","3","4","3","3","3","2","3","2","4","3","2","2","1","3","2","2","2","4","2","3","3","4","2","2","19","2","2"
"108","385","1","2","1","1","1","1","1","3","3","4","3","2","1","1","2","1","1","2","3","1","1","2","2","1","1","23","2","6"
"109","388","3","2","2","1","1","1","2","3","2","3","2","2","2","1","1","2","1","1","3","2","3","3","2","2","2","19","2","6"
"110","386","1","2","2","3","1","2","3","4","4","3","4","2","2","1","3","3","1","2","2","1","4","2","3","3","1","20","2","2"
"111","399","3","3","4","3","3","2","2","1","1","2","2","4","4","3","3","4","4","2","3","4","3","4","3","2","3","26","2","2"
"112","400","1","1","1","1","1","2","1","1","2","1","2","1","1","1","1","2","2","1","4","3","1","1","1","1","1","19","2","2"
"113","402","1","2","1","1","1","1","1","1","1","2","2","1","3","1","1","3","1","1","3","3","1","1","1","1","1","30","1","1"
"114","","","","","","","","","","","","","","","","","","","","","","","","","","","","",""
"115","407","1","1","1","2","1","1","1","1","2","3","1","1","3","1","2","1","1","1","3","3","3","3","2","1","1","18","2","2"
"116","410","2","2","3","4","3","4","4","3","4","3","4","4","4","4","1","1","1","1","2","2","2","2","2","2","3","20","2","2"
"117","409","1","1","1","3","1","1","2","1","1","1","1","1","3","2","3","3","3","3","1","1","2","1","1","1","2","23","2","6"
"118","447","2","2","2","3","2","2","3","3","3","3","3","1","1","1","2","1","1","2","4","2","3","2","3","3","3","19","2","2"
"119","428","2","2","2","4","4","4","4","4","4","2","1","1","4","2","4","2","4","4","4","3","4","4","4","4","3","19","2","2"
"120","441","1","3","3","3","1","2","4","3","3","3","2","4","1","1","1","1","2","1","3","1","3","1","3","3","1","18","1","2"
"121","437","1","3","2","2","4","3","3","4","4","2","1","1","2","3","2","4","1","2","3","1","2","2","1","3","2","19","2","2"
"122","1000494075","4","4","4","4","4","4","4","2","2","4","4","1","2","1","4","4","1","4","1","3","4","1","4","4","1","21","2","1"
"123","449","1","1","1","4","2","3","3","4","4","4","3","2","2","1","3","2","1","2","4","1","2","1","2","4","1","","2","6"
"124","433","2","2","2","2","2","2","2","2","3","3","3","2","1","1","2","1","1","2","2","1","3","1","3","3","1","19","1","2"
"125","","","","","","","","","","","","","","","","","","","","","","","","","","","","",""
"126","436","1","1","2","3","1","3","3","3","3","4","3","3","2","1","3","3","1","1","1","2","3","1","4","4","1","18","2","1"
"127","460","3","3","2","1","1","2","3","2","1","4","3","2","1","1","2","3","1","2","1","1","4","3","4","1","2","22","1","2"
"128","","","","","","","","","","","","","","","","","","","","","","","","","","","","",""
"129","471","2","2","4","3","1","3","2","4","4","2","1","2","4","3","4","2","2","4","3","1","2","1","4","4","2","19","2","2"
"130","440","2","2","2","2","2","3","3","3","3","3","3","2","2","2","2","2","1","2","1","2","3","2","3","2","2","18","1","2"
"131","450","1","2","1","3","1","2","2","4","2","3","2","3","1","1","1","1","1","3","2","1","3","1","2","3","2","18","2","2"
"132","470","1","1","1","1","1","2","2","3","1","1","1","1","3","3","1","2","2","2","1","2","2","2","2","1","2","24","1","2"
"133","423","1","2","1","1","1","1","1","1","1","1","1","1","3","1","2","2","1","2","3","1","1","1","1","1","1","18","2","2"
"134","453","3","3","2","3","2","2","3","3","2","3","2","2","3","3","3","3","3","2","2","3","2","3","2","3","3","18","2","7"
"135","431","","","","","","","","","","","","","","","","","","","","","","","","","","","",""
"136","","","","","","","","","","","","","","","","","","","","","","","","","","","","",""
"137","481","1","1","2","2","1","1","1","2","2","1","1","1","1","1","1","1","1","1","2","1","1","1","2","1","1","18","2","2"
"138","483","1","1","1","2","1","2","2","2","2","2","2","2","2","1","2","2","2","1","2","2","3","3","1","2","2","28","1","7"
"139","429","4","2","2","2","2","3","3","4","2","4","2","1","1","1","1","1","1","2","4","2","2","1","1","2","1","","1","2"
"140","424","2","3","3","3","3","3","2","2","2","2","2","2","2","2","2","2","2","2","2","2","2","2","2","2","2","18","2","2"
"141","1000494075","","","","","","","","","","","","","","","","","","","","","","","","","","","",""
"142","463","3","3","3","4","3","2","3","4","4","4","3","1","1","1","4","2","2","2","4","3","3","3","4","3","3","18","2","6"
"143","426","3","3","2","3","3","2","3","3","2","1","2","1","1","1","2","2","1","1","1","1","2","1","2","3","1","18","2","2"
"144","17027","3","2","2","2","1","3","3","3","2","3","3","1","1","1","2","1","1","1","1","1","2","1","2","1","1","18","2","2"
"145","419","3","3","3","4","2","2","3","4","3","4","3","2","1","2","3","2","2","2","1","2","3","2","4","3","2","22","1","2"
"146","","","","","","","","","","","","","","","","","","","","","","","","","","","","",""
"147","485","2","1","1","3","1","1","2","4","1","3","2","3","2","1","3","1","1","3","3","2","2","3","2","4","2","","2","2,7"
"148","452","1","2","1","1","1","1","1","1","3","1","1","1","1","1","1","1","1","1","1","1","1","1","1","1","1","18","2","2"
"149","462","1","1","1","3","1","2","3","3","1","2","2","1","3","2","2","3","2","2","2","2","3","3","2","2","3","","1","6"
"150","439","3","3","3","2","3","2","3","2","2","3","2","1","2","1","2","3","1","1","2","2","3","3","2","2","2","18","1","3"
"151","543","","","","","","","","","","","","","","","","","","","","","","","","","","","",""
"152","427","3","3","3","3","2","3","2","3","2","3","2","3","2","1","2","2","1","2","2","1","3","2","4","3","1","18","2","2"
"153","485","1","2","3","1","1","2","3","1","1","2","1","1","4","1","1","1","2","1","3","1","4","3","3","1","2","18","1","2"
"154","430","3","3","3","2","1","2","3","3","3","2","3","3","2","1","3","3","2","2","3","2","2","2","3","4","2","18","2","2,7"
"155","","","","","","","","","","","","","","","","","","","","","","","","","","","","",""
"156","498","2","2","2","1","1","1","3","4","2","1","1","1","1","1","1","1","1","1","4","1","1","1","3","1","1","19","2","3"
"157","442","2","2","2","3","1","1","3","4","3","1","1","1","1","3","3","3","2","3","1","1","4","4","4","3","4","","2","3"
"158","516","1","1","1","3","1","1","3","3","3","3","1","1","1","1","1","1","1","1","1","3","3","1","3","3","1","19","2","2"
"159","521","3","3","3","2","3","2","3","4","2","3","3","1","3","3","3","2","2","4","2","2","3","2","3","2","2","18","1","2"
"160","","","","","","","","","","","","","","","","","","","","","","","","","","","","",""
"161","412","","","","","","","","","","","","","","","","","","","","","","","","","","","",""
"162","420","1","1","1","1","1","2","1","2","1","2","2","1","4","3","1","2","1","3","1","2","1","1","2","2","1","18","1","6"
"163","17444","3","3","3","4","1","2","1","3","4","4","4","1","4","1","4","4","1","1","2","1","2","1","3","3","1","18","2","2"
"164","455","","","","","","","","","","","","","","","","","","","","","","","","","","","",""
"165","","","","","","","","","","","","","","","","","","","","","","","","","","","","",""
"166","530","3","3","3","1","2","4","3","1","3","1","1","1","1","1","3","1","1","1","3","1","3","2","1","1","3","","2","2"
"167","529","1","3","3","3","2","2","3","4","4","2","2","1","3","3","3","4","1","2","3","2","3","1","1","2","1","23","2","7"
"168","527","1","1","1","1","1","1","1","2","1","1","1","2","2","2","2","2","1","2","2","2","2","1","1","2","1","19","2","7"
"169","535","3","3","2","3","4","1","3","3","3","2","4","4","1","1","4","1","1","3","3","1","3","1","4","4","1","26","1","7"
"170","417","1","2","2","2","1","1","1","3","3","2","2","2","2","1","3","1","1","1","2","1","1","1","1","2","2","18","2","6"
"171","525","1","1","1","1","1","1","1","2","4","1","1","1","1","1","1","1","1","1","1","1","1","1","1","1","1","","2",""
"172","517","2","3","3","3","1","3","3","3","3","3","3","2","2","3","2","3","3","2","3","2","2","2","3","3","3","18","2","6"
"173","492","1","3","2","1","1","2","3","1","1","1","3","2","1","2","2","4","2","1","2","1","3","2","2","3","3","18","2","6"
"174","499","2","3","2","2","1","1","3","3","3","3","2","2","1","1","2","2","1","2","2","1","3","2","4","2","1","18","2","6"
"175","523","1","2","2","2","1","2","2","2","2","2","2","2","2","2","2","2","2","2","2","2","2","1","1","1","1","19","1","6"
"176","547","2","2","2","2","2","2","2","2","3","3","2","2","2","2","3","2","1","2","3","1","1","1","1","1","2","21","2","2"
"177","548","1","2","1","1","1","1","1","1","1","1","1","1","1","1","1","1","1","1","1","1","1","1","1","1","1","22","1","2"
"178","540","1","3","3","4","2","4","4","1","2","3","4","1","3","2","1","1","1","3","2","1","3","3","3","1","3","18","2","7"
"179","508","1","1","2","3","2","1","2","4","2","3","2","3","2","2","1","1","1","2","2","3","3","4","2","2","4","","1","7"
"180","","","","","","","","","","","","","","","","","","","","","","","","","","","","",""
"181","420","1","1","1","1","1","3","1","4","2","1","2","1","4","3","3","1","2","3","1","2","1","1","2","1","1","18","1","6"
"182","555","1","1","1","1","1","1","1","1","1","1","1","1","1","4","1","2","4","1","2","1","3","4","1","1","4","21","1","2"
"183","552","1","1","1","1","1","1","2","2","3","1","1","3","1","1","1","1","1","1","1","1","3","1","1","1","1","","2","2"
"184","444","2","2","2","2","3","3","2","3","4","4","3","1","2","1","3","3","1","1","4","1","3","2","1","1","2","18","2","6"
"185","473","1","3","3","2","1","2","1","2","1","3","3","2","3","1","3","2","1","2","2","2","3","3","3","3","3","19","1","7"
"186","550","1","1","1","1","1","4","2","4","4","1","1","1","1","1","3","1","1","1","1","1","3","1","3","2","1","18","2","2"
"187","546","1","2","2","2","2","1","2","3","2","3","3","2","3","1","2","3","2","2","2","2","3","2","2","2","2","","2","7"
"188","494","3","3","2","2","2","2","2","2","2","4","2","2","4","1","3","3","1","3","1","1","1","1","1","1","1","18","2","2"
"189","549","1","1","1","1","2","4","4","2","1","1","1","1","1","2","1","1","3","3","1","2","4","3","3","1","3","25","2","7"
"190","521","","","","","","","","","","","","","","","","","","","","","","","","","","","",""
"191","560","1","1","1","3","1","1","3","3","1","1","2","2","3","2","1","4","2","3","1","1","2","1","1","2","1","21","2","6"
"192","420","1","1","1","1","1","1","1","2","1","2","2","1","4","3","1","3","1","2","2","2","2","1","2","1","1","18","1","6"
"193","563","1","2","3","4","3","2","1","2","3","4","3","2","1","2","3","4","3","2","1","2","3","4","3","2","1","18","2","2"
"194","567","2","3","3","4","2","2","4","4","4","3","3","3","1","3","4","2","1","2","3","3","4","3","4","2","3","","2","2"
"195","551","3","3","2","4","3","3","4","3","2","3","1","1","4","2","2","3","1","1","2","1","3","2","4","4","2","18","2","7"
"196","","","","","","","","","","","","","","","","","","","","","","","","","","","","",""
"197","416","1","3","2","2","2","4","3","2","1","1","2","2","3","1","1","1","1","1","4","3","2","1","1","1","1","18","2","6"
"198","561","1","1","","4","2","2","4","3","2","3","1","4","4","1","3","2","1","1","3","2","4","1","4","4","1","18","2","2"
"199","577","2","2","2","3","2","2","3","3","2","3","3","2","4","3","2","3","2","3","3","3","3","3","3","2","3","18","2","3"
"200","572","2","3","2","3","2","3","2","3","2","3","2","3","2","3","2","3","2","3","2","3","2","3","2","3","2","21","2","2"
"201","518","1","1","1","1","1","1","2","1","1","1","1","1","1","1","1","1","1","1","1","1","1","1","3","3","1","18","1","2"
"202","","","","","","","","","","","","","","","","","","","","","","","","","","","","",""
"203","","","","","","","","","","","","","","","","","","","","","","","","","","","","",""
"204","581","1","1","1","1","1","1","2","2","1","1","1","1","1","1","1","2","1","1","1","1","2","1","2","1","1","19","2","7"
"205","582","1","2","1","3","1","2","2","4","3","4","3","1","3","1","2","3","1","1","3","1","3","1","3","1","1","18","2","2"
"206","571","3","2","3","4","2","1","3","4","2","3","3","2","2","1","1","2","1","1","2","2","3","1","3","2","1","","2","6"
"207","573","3","2","2","3","4","4","3","3","3","1","3","2","4","","3","3","1","2","2","1","4","1","4","1","1","","2","2"
"208","","","","","","","","","","","","","","","","","","","","","","","","","","","","",""
"209","","","","","","","","","","","","","","","","","","","","","","","","","","","","",""
"210","580","","","","","","","","","","","","","","","","","","","","","","","","","","","",""
"211","580","1","2","3","1","1","1","1","1","3","2","2","1","2","1","2","2","2","1","3","2","1","1","2","2","2","21","2","2"
"212","","","","","","","","","","","","","","","","","","","","","","","","","","","","",""
"213","","","","","","","","","","","","","","","","","","","","","","","","","","","","",""
"214","514","1","1","1","1","1","1","1","3","1","3","1","3","4","1","2","2","1","1","2","2","3","1","3","3","1","","1","7"
"215","584","1","2","1","1","1","2","2","2","3","2","1","1","2","1","1","2","1","2","2","1","2","1","1","2","1","21","2","2"
"216","588","1","1","2","2","1","2","4","3","2","2","2","3","3","2","2","2","1","3","2","2","3","2","2","3","3","18","1","2"
"217","585","1","2","1","2","1","1","2","2","3","4","2","1","1","1","2","1","1","2","3","2","2","1","1","1","3","18","2","6"
"218","593","1","1","1","1","1","2","1","4","4","3","1","1","1","1","2","1","1","1","3","1","1","1","1","1","1","18","2","6"
"219","590","1","1","1","1","1","1","1","2","1","1","1","1","1","1","1","1","2","1","3","2","1","1","1","1","1","18","2","6"
"220","592","1","1","1","2","1","2","2","4","3","4","3","1","2","1","1","3","1","1","1","1","1","1","1","2","1","18","2","6"
"221","602","3","2","3","2","3","2","3","2","3","2","3","2","3","2","3","2","3","2","3","2","3","2","3","2","3","18","2","2"
"222","600","3","2","4","4","1","1","3","3","4","3","2","1","1","2","3","3","1","1","3","1","4","3","3","3","1","22","","2"
"223","599","2","2","2","2","2","1","2","2","1","2","2","1","1","1","1","1","1","1","2","1","2","1","1","1","1","18","1","2"
"224","583","1","1","1","1","1","4","1","4","4","1","1","1","1","1","1","1","1","1","4","1","1","1","1","1","1","18","2","7"
"225","596","1","1","1","2","1","2","1","2","2","4","2","2","1","1","1","1","1","1","1","1","3","1","2","3","1","18","1","7"
"226","595","1","2","1","1","1","1","1","1","1","3","1","1","1","1","1","1","1","1","1","1","1","1","1","1","1","18","2","2"
"227","","","","","","","","","","","","","","","","","","","","","","","","","","","","",""
"228","","","","","","","","","","","","","","","","","","","","","","","","","","","","",""
"229","607","1","2","2","1","1","2","3","3","2","2","3","4","3","1","2","1","1","2","2","1","2","1","2","2","1","20","1","2"
"230","","","","","","","","","","","","","","","","","","","","","","","","","","","","",""
"231","606","1","1","2","2","1","3","2","3","2","2","3","2","2","1","2","3","1","2","2","2","2","3","3","3","3","","2","2"
"232","611","3","2","3","2","3","3","3","3","2","2","2","1","4","3","2","2","2","2","2","2","2","2","2","2","2","18","2","7"
"233","598","","","","","","","","","","","","","","","","","","","","","","","","","","","",""
"234","","","","","","","","","","","","","","","","","","","","","","","","","","","","",""
"235","609","1","2","1","1","1","2","1","2","2","4","3","1","1","1","2","1","1","1","3","1","3","1","3","1","1","18","2","6"
"236","608","1","2","1","2","2","2","3","2","2","2","1","1","3","1","2","3","1","1","1","1","1","2","2","1","1","20","2","2"
"237","","","","","","","","","","","","","","","","","","","","","","","","","","","","",""
"238","","","","","","","","","","","","","","","","","","","","","","","","","","","","",""
"239","615","1","1","3","3","3","3","1","4","4","2","1","4","4","1","1","3","1","1","1","1","1","1","1","1","1","21","2","1"
"240","566","3","2","3","3","3","2","3","3","2","3","3","1","4","2","3","3","2","2","4","3","4","3","2","2","3","20","1","7"
"241","617","","","","","","","","","","","","","","","","","","","","","","","","","","","",""
"242","625","1","2","2","3","2","3","3","4","3","3","3","2","3","2","3","3","1","2","2","1","3","2","2","2","2","20","2","6"
"243","19688","3","1","1","1","1","1","4","1","1","1","","","3","1","1","1","1","1","","","","","1","","","18","1","6"
"244","629","3","3","3","1","2","3","1","2","2","2","1","1","2","1","2","1","1","1","3","2","1","2","1","1","3","19","2","2"
"245","","","","","","","","","","","","","","","","","","","","","","","","","","","","",""
"246","618","","1","3","1","1","1","1","3","4","3","1","","3","1","2","1","1","2","1","1","1","1","1","1","1","24","2","2"
"247","","","","","","","","","","","","","","","","","","","","","","","","","","","","",""
"248","","","","","","","","","","","","","","","","","","","","","","","","","","","","",""
"249","630","4","3","4","4","2","3","4","4","4","2","4","2","1","1","2","1","1","1","2","4","4","1","4","1","1","18","2",""
"250","","","","","","","","","","","","","","","","","","","","","","","","","","","","",""
"251","636","1","1","2","3","","1","1","1","3","2","1","1","2","1","1","1","3","1","3","3","1","2","1","1","3","","2","2"
"252","","","","","","","","","","","","","","","","","","","","","","","","","","","","",""
"253","20233","2","3","3","4","2","2","3","3","2","3","3","3","3","3","2","4","1","4","2","2","3","2","3","3","1","","2","7"
"254","639","1","2","3","3","2","1","3","4","4","4","3","2","3","1","3","1","1","1","3","1","3","1","1","1","1","19","1","6,7"
"255","643","1","1","1","1","1","1","1","3","3","1","1","1","1","1","1","1","1","1","1","1","1","1","1","1","1","20","2","2"
"256","642","1","2","2","2","1","1","3","1","1","1","1","1","1","2","1","1","1","1","2","1","3","1","1","1","2","20","1","2"
"257","635","3","4","3","3","2","4","4","3","1","2","1","1","2","2","4","4","1","3","2","2","3","3","3","3","3","19","2","7"
"258","631","3","2","3","4","3","3","3","4","4","4","2","3","4","1","4","3","1","3","4","1","4","1","3","4","1","","1","7"
"259","","","","","","","","","","","","","","","","","","","","","","","","","","","","",""
"260","542","1","1","1","2","1","2","","4","3","2","1","1","2","2","2","4","1","2","2","2","4","1","4","1","1","19","2","2"
"261","655","1","1","1","1","1","1","1","2","3","2","2","3","3","1","1","1","1","1","1","1","1","1","1","1","1","22","2","7"
"262","661","2","1","1","3","1","2","3","4","2","3","1","1","2","1","2","2","1","2","2","1","3","1","2","2","1","18","2","7"
"263","660","1","1","1","1","1","1","1","1","1","1","1","1","1","1","1","1","1","1","1","1","1","1","1","1","1","","2","7"
"264","665","1","2","3","2","1","3","2","3","2","3","2","1","3","2","3","1","1","2","2","1","2","1","3","1","1","21","1","1,6"
"265","","","","","","","","","","","","","","","","","","","","","","","","","","","","",""
"266","662","1","2","2","3","1","1","1","1","2","3","1","1","1","1","1","1","1","1","1","1","1","1","1","1","1","","2","1"
"267","664","","","","","","","","","","","","","","","","","","","","","","","","","","","",""
"268","668","1","2","1","3","2","2","3","4","3","3","3","2","4","2","3","3","1","4","2","1","3","2","3","3","2","18","2","2"
"269","999","","","","","","","","","","","","","","","","","","","","","","","","","","","",""
"270","688","1","2","1","2","1","1","2","2","2","2","2","1","1","2","2","2","2","2","2","2","2","3","2","2","2","21","2","2,6"
"271","687","1","3","2","4","1","2","4","4","4","4","4","2","4","2","3","4","1","2","4","2","4","1","4","4","1","18","2","2"
"272","680","1","2","2","3","1","1","2","4","4","4","3","1","","1","3","1","1","2","4","1","2","1","4","3","1","18","2","7"
"273","675","4","3","4","2","4","4","2","2","4","1","4","1","2","1","2","1","1","1","2","1","1","1","2","2","1","20","2","2"
"274","674","1","2","1","3","1","1","2","3","3","3","1","1","2","1","1","1","1","1","2","1","2","1","2","3","1","18","2","2"
"275","695","1","2","3","3","1","3","2","2","1","2","3","3","2","2","1","2","2","1","3","3","2","1","3","3","1","18","2","6"
"276","698","3","2","2","2","2","2","2","2","2","2","2","2","2","1","1","1","1","2","3","2","2","3","3","3","2","18","2","2"
"277","681","2","2","1","2","1","1","3","4","2","3","1","4","2","1","3","2","1","1","1","1","4","2","2","3","2","18","2","2"
"278","696","1","1","3","3","1","3","2","4","4","4","2","2","2","2","3","3","1","3","1","1","2","1","3","3","1","21","2","7"
"279","692","2","3","2","2","1","2","3","4","4","4","2","1","3","2","4","3","1","3","1","1","3","2","4","3","1","18","2","2"
"280","706","4","3","3","4","4","2","3","1","1","1","2","1","4","1","2","3","4","1","1","3","2","4","1","1","4","18","1","6"
"281","733","2","3","2","3","3","2","2","2","1","1","1","1","3","1","1","2","3","2","1","2","3","1","2","1","1","","1","7"
"282","748","1","2","1","3","1","1","1","2","1","1","3","1","3","1","3","1","1","1","2","1","3","1","3","1","1","","2","7"
"283","704","2","3","2","1","2","3","3","3","2","3","2","1","4","2","3","3","1","1","1","1","2","1","3","2","1","","2","2"
"284","753","1","1","1","2","1","2","3","2","4","4","2","3","1","1","2","1","1","1","2","2","2","1","3","2","1","18","2","6"
"285","","","","","","","","","","","","","","","","","","","","","","","","","","","","",""
"286","723","3","3","3","2","2","4","2","2","4","4","3","2","2","3","3","3","2","3","4","3","3","2","3","4","3","18","2","6"
"287","","","","","","","","","","","","","","","","","","","","","","","","","","","","",""
"288","697","3","2","4","4","2","3","4","4","4","4","4","2","2","1","2","3","1","2","4","4","4","2","3","3","2","18","2","2"
"289","764","1","1","2","4","1","1","4","3","3","2","4","4","1","1","3","1","1","3","2","3","4","1","1","4","1","18","2",""
"290","767","1","3","3","3","1","1","2","4","3","4","2","3","2","2","3","3","1","1","2","1","3","1","4","3","1","18","2","6"
"291","690","2","1","3","3","1","1","1","1","4","2","2","1","4","1","3","1","1","1","2","1","1","1","1","1","1","","2","6"
"292","707","2","3","2","3","2","4","2","4","2","4","3","1","2","2","3","2","1","1","3","1","3","3","4","3","3","","2","2"
"293","768","3","3","3","4","2","2","2","2","3","2","2","3","3","2","3","2","3","2","3","2","3","2","2","2","2","19","2","2"
"294","710","2","3","3","1","2","1","3","2","4","2","2","1","2","1","2","1","1","1","3","2","3","1","1","1","1","18","2","6,7"
"295","769","1","1","1","1","1","2","2","2","2","2","1","1","1","1","1","1","1","1","2","1","1","1","1","1","1","18","2","6"
"296","720","1","1","1","3","1","2","1","3","3","3","2","1","1","1","2","2","1","3","3","2","1","1","1","1","1","19","2","7"
"297","762","3","3","3","3","3","4","3","3","3","3","3","1","3","2","3","2","1","3","3","2","3","1","3","3","1","18","1","2"
"298","22970","3","2","2","3","3","2","2","3","1","2","2","3","2","3","2","3","3","2","3","2","2","3","2","2","3","18","2","1,2,6"
"299","775","3","2","3","3","2","2","3","1","2","3","2","4","1","1","1","1","1","2","2","3","3","2","4","3","2","18","1","6"
"300","743","3","3","1","1","1","1","1","4","2","2","1","1","1","1","2","3","1","1","1","1","1","1","1","1","1","20","2","2"
"301","","","","","","","","","","","","","","","","","","","","","","","","","","","","",""
"302","719","1","1","1","1","1","1","1","1","1","1","1","1","1","1","1","1","1","1","1","1","1","1","1","1","1","18","2","1"
"303","746","1","1","1","3","1","1","2","4","2","1","1","1","1","1","1","1","1","1","1","1","1","1","1","1","1","18","2","6"
"304","747","","","","","","","","","","","","","","","","","","","","","","","","","","","",""
"305","","","","","","","","","","","","","","","","","","","","","","","","","","","","",""
"306","745","3","3","2","4","3","2","4","2","1","3","1","2","3","1","3","4","2","3","3","1","3","3","4","4","3","18","2","2,7"
"307","","","","","","","","","","","","","","","","","","","","","","","","","","","","",""
"308","737","1","2","1","1","1","1","2","4","2","3","1","1","3","2","2","3","2","1","2","2","2","1","2","1","2","18","2","6"
"309","","","","","","","","","","","","","","","","","","","","","","","","","","","","",""
"310","718","1","1","1","2","1","4","1","4","4","4","2","1","2","1","3","2","1","1","3","2","1","1","1","2","1","18","2","1"
"311","726","1","1","3","4","1","1","3","3","2","3","3","3","4","3","3","4","1","1","3","2","3","2","3","4","3","","2","7"
"312","","","","","","","","","","","","","","","","","","","","","","","","","","","","",""
"313","765","1","2","2","3","1","2","3","2","3","4","1","1","1","1","2","1","1","1","4","1","3","1","1","1","1","19","1","3"
"314","787","2","2","2","2","2","2","3","2","2","2","2","3","4","3","2","3","2","3","2","2","3","2","3","3","2","18","1","2"
"315","766","1","3","3","2","2","3","3","3","1","3","1","1","1","1","1","1","1","1","3","1","3","1","2","2","1","18","2","2"
"316","741","1","1","1","1","1","1","2","3","3","3","2","1","1","1","3","1","2","1","3","3","2","3","4","3","2","18","2","2"
"317","779","1","1","2","3","1","2","2","3","2","3","2","1","2","1","1","1","1","1","4","1","2","2","2","2","3","18","2","1"
"318","798","1","1","1","1","2","1","3","4","4","3","2","1","1","1","1","1","1","1","2","","","1","1","1","1","18","2","2,6"
"319","795","1","1","2","2","","2","3","1","1","2","3","1","4","1","2","4","2","1","4","2","4","1","4","2","1","18","1","6"
"320","742","1","2","2","3","1","1","1","3","2","2","2","1","1","2","1","2","1","1","2","1","1","1","1","2","1","","2","2"
"321","1005199447","2","3","3","2","1","1","4","3","4","2","1","3","3","3","1","2","1","1","2","1","4","1","2","4","4","","1","2"
"322","805","2","2","2","1","3","2","3","2","3","3","3","2","2","1","3","1","2","1","4","2","2","3","3","3","2","18","2","2,7"
"323","750","1","1","2","3","2","2","2","2","","3","2","1","2","1","1","1","1","2","1","1","1","1","1","1","1","19","1","2"
"324","","","","","","","","","","","","","","","","","","","","","","","","","","","","",""
"325","803","3","3","1","3","1","1","1","1","3","1","1","4","1","1","1","1","1","3","1","3","2","4","2","1","4","20","1","7"
"326","789","2","2","3","2","3","2","2","2","2","3","2","2","2","2","3","3","1","1","3","2","3","2","3","2","1","22","2","7"
"327","801","1","1","1","2","1","2","2","3","1","1","2","2","3","1","2","1","1","3","2","1","2","1","2","1","1","","2","2"
"328","810","3","3","3","3","2","3","3","3","3","3","3","3","4","2","3","3","1","3","1","1","2","1","1","1","1","18","2","2"
"329","813","1","1","1","3","1","2","1","3","1","1","1","1","4","2","2","4","1","4","1","1","1","1","1","3","1","19","2","7"
"330","821","1","2","3","3","1","2","2","4","4","4","2","1","1","1","2","3","1","3","3","2","2","1","2","2","1","18","2","2"
"331","783","1","1","1","1","1","1","2","3","1","2","1","1","3","1","1","2","1","1","1","1","1","1","4","2","1","21","2","2"
"332","776","1","3","2","1","1","2","2","3","3","2","2","1","1","1","3","1","1","1","2","1","3","1","4","3","1","18","2","6"
"333","823","3","3","3","3","3","3","3","3","3","3","3","3","3","3","3","3","3","3","3","3","3","3","3","3","3","19","1","2"
"334","797","1","1","1","1","1","2","2","3","2","1","2","1","1","2","3","2","1","2","1","1","2","1","2","2","1","18","2","7"
"335","818","1","1","1","2","1","1","3","2","1","2","1","1","1","1","2","1","1","1","1","1","1","1","3","1","1","18","1","2"
"336","23419","2","4","3","4","3","4","3","3","3","4","3","4","3","2","3","3","1","2","2","1","3","3","4","4","3","","2","2"
"337","807","3","3","3","4","2","4","3","4","4","1","2","1","3","1","4","3","1","4","3","1","4","3","2","4","2","","",""
"338","804","3","4","4","3","4","4","4","3","2","3","4","1","4","1","2","3","1","1","2","1","3","2","4","4","2","18","1","2"
"339","824","1","2","2","3","1","1","2","4","3","2","2","1","2","2","3","3","1","1","2","1","2","1","1","2","1","18","2","6"
"340","827","1","2","2","4","1","4","4","4","2","1","4","2","4","3","3","4","1","3","1","1","2","1","4","4","1","18","2","7"
"341","811","2","2","1","1","1","1","2","3","4","2","2","1","2","3","2","3","1","2","1","1","2","3","3","1","1","19","2","2"
"342","815","1","1","2","1","1","3","2","2","2","4","2","1","2","1","3","1","1","3","2","2","2","1","3","1","1","19","1","3"
"343","786","4","4","3","2","2","3","2","2","2","2","3","2","3","2","2","2","3","3","3","3","4","4","4","3","4","18","2","1"
"344","826","1","3","2","4","1","3","4","2","2","3","2","3","3","2","2","3","1","2","3","1","4","1","3","4","3","18","2","7"
"345","22965","1","1","1","1","1","1","2","2","4","2","1","1","1","1","3","1","1","2","3","2","3","1","2","2","1","18","2","6,7"
"346","806","1","1","1","3","1","2","2","1","2","1","1","2","3","3","1","4","2","3","1","2","2","2","1","1","1","18","2","1,3"
"347","782","1","1","","3","2","3","3","4","3","4","3","1","3","2","3","1","1","1","3","2","2","2","3","1","1","18","2","2"
"348","844","1","1","1","4","2","3","4","4","4","1","2","2","4","3","3","3","1","4","1","2","4","1","2","3","1","18","2","2"
"349","843","1","1","1","1","1","1","1","2","2","3","2","1","3","2","1","3","1","1","1","1","2","2","3","3","1","19","2","2"
"350","840","2","3","3","3","2","2","3","3","3","4","2","3","1","1","2","2","2","2","2","3","4","2","4","3","3","21","1","2"
"351","794","1","1","1","2","1","1","1","3","1","1","1","1","1","3","3","1","2","1","1","1","1","1","2","1","1","","1","6"
"352","838","2","3","3","3","4","3","3","3","3","2","3","2","3","2","3","3","2","2","2","2","3","2","3","2","2","18","2","7"
"353","","","","","","","","","","","","","","","","","","","","","","","","","","","","",""
"354","831","1","1","2","1","1","1","2","3","3","4","2","1","1","1","2","1","1","1","3","2","4","1","1","2","1","18","2","2"
"355","833","1","3","3","2","3","1","3","4","4","4","3","3","1","1","3","1","1","1","4","1","2","1","4","2","1","18","2","6"
"356","820","","","","","","","","","","","","","","","","","","","","","","","","","","","",""
"357","834","3","2","2","2","3","2","4","2","4","3","3","4","4","1","2","1","1","1","4","2","4","1","4","3","1","18","2","2"
"358","23484","2","2","2","1","4","2","2","1","2","1","1","3","1","1","1","2","1","1","1","1","2","1","2","4","1","","1","2"
"359","791","2","2","2","1","1","2","2","1","2","2","1","1","1","1","1","1","1","1","1","1","1","1","1","1","1","18","2","7"
"360","780","1","3","3","3","2","3","2","4","4","4","3","1","1","1","3","1","1","4","3","2","2","1","3","3","1","18","2","6"
"361","747","1","2","1","2","1","1","2","2","3","2","1","1","1","4","2","3","2","1","1","1","1","2","2","2","2","18","2","6"
"362","857","1","1","1","2","1","2","3","1","2","3","3","1","2","1","2","2","2","3","4","1","2","3","2","1","4","18","2","6"
"363","23601","1","1","2","3","2","3","2","3","4","2","1","1","2","2","3","1","2","2","2","3","3","1","3","2","1","18","2","2"
"364","897","1","3","3","3","1","2","2","4","3","3","3","1","3","1","4","3","1","1","2","1","1","2","2","3","2","18","2","2"
"365","1005595526","1","1","2","4","1","1","4","4","1","1","1","1","4","1","2","1","1","4","1","1","1","1","3","2","1","18","1","7"
"366","894","3","4","4","3","2","3","3","3","4","4","4","3","3","2","3","3","1","3","2","2","3","2","4","3","1","","2","2"
"367","885","2","2","4","3","1","4","3","4","3","4","4","1","3","1","2","1","1","3","3","1","3","1","2","4","1","19","2","2"
"368","889","2","3","3","1","1","1","1","2","2","3","1","1","1","1","2","1","1","1","3","1","1","1","2","1","1","18","2","6"
"369","842","2","3","3","2","1","1","2","4","3","3","2","1","4","1","4","1","2","1","3","1","2","1","3","3","1","","2","2"
"370","819","4","4","3","4","3","2","1","4","4","4","3","1","2","3","4","4","1","3","3","1","3","1","4","4","2","19","2","6"
"371","969","1","1","1","2","1","1","1","2","1","3","2","1","1","2","4","3","1","3","1","1","1","1","2","1","1","19","2","2"
"372","877","1","1","1","1","1","1","2","2","3","4","2","1","2","1","2","1","1","2","2","2","3","3","2","2","3","18","1","2"
"373","955","3","2","2","1","1","1","1","3","3","2","1","1","4","3","3","2","1","3","1","3","2","1","1","2","2","18","2","2"
"374","916","1","2","1","3","1","1","2","4","4","4","3","3","1","3","3","2","2","2","4","1","1","1","3","1","2","18","2","6"
"375","24126","3","2","2","4","2","3","2","4","4","4","3","1","3","1","2","2","1","4","3","1","2","2","1","3","1","19","2","6"
"376","923","1","2","2","1","1","1","1","2","4","3","3","1","1","1","4","1","2","2","3","2","1","1","1","1","1","","1","2"
"377","905","1","2","1","2","2","4","2","2","4","3","2","1","2","2","2","2","1","1","3","2","2","1","3","3","1","18","1","7"
"378","920","2","3","3","2","2","1","2","1","3","1","2","1","3","1","3","3","1","1","1","1","2","1","3","3","1","","2","2"
"379","861","1","1","1","1","1","1","1","1","1","1","1","2","1","1","1","1","1","1","1","1","1","1","1","1","1","21","1","7"
"380","961","2","3","2","3","2","2","2","3","3","3","3","1","1","1","4","1","2","1","3","1","2","1","3","1","1","18","2","7"
"381","931","1","2","2","3","1","2","3","3","2","3","2","2","2","3","1","2","1","2","3","1","3","1","2","2","1","18","2","7"
"382","848","2","3","2","4","2","4","4","2","3","2","4","2","2","2","3","2","2","2","3","2","3","2","1","2","2","18","2","6"
"383","925","1","2","1","3","1","1","1","4","4","4","1","1","1","2","3","1","1","1","3","1","1","2","1","1","2","18","2","2"
"384","910","1","1","1","1","1","1","1","1","1","1","1","1","1","1","1","1","1","1","1","1","1","1","1","1","1","19","2","2"
"385","849","2","2","2","2","1","1","3","4","4","4","4","4","3","2","2","1","1","1","2","1","4","1","1","1","1","","2","7"
"386","906","3","2","4","2","1","2","2","3","3","3","2","1","1","1","2","1","1","1","1","1","3","1","3","3","2","","2","2"
"387","926","3","3","3","","3","2","4","3","3","1","2","2","2","1","3","3","3","1","1","1","2","2","2","2","2","19","2","7"
"388","874","1","2","2","1","1","1","2","1","1","2","1","1","1","1","2","3","1","2","1","1","1","1","3","3","1","","1","7"
"389","898","1","1","1","1","1","3","2","1","1","1","1","1","2","1","3","2","1","1","1","1","1","1","3","1","1","18","2","7"
"390","934","3","3","3","4","2","1","4","1","1","1","1","2","3","2","2","3","3","3","1","1","4","2","4","2","3","18","1","2"
"391","24167","1","1","1","1","1","1","1","3","2","3","3","1","1","1","1","1","1","1","1","1","1","1","3","1","1","18","2","1"
"392","936","2","4","3","2","3","2","2","2","1","4","2","2","3","1","2","2","1","3","2","1","2","3","4","2","3","18","1","2"
"393","922","3","2","1","1","2","3","3","2","1","1","2","1","1","2","1","2","1","3","2","1","2","1","3","1","1","","2","2"
"394","957","1","2","2","4","2","2","4","4","3","1","4","4","3","4","4","4","1","1","2","1","4","2","4","3","2","18","2","2"
"395","881","3","2","2","4","3","2","3","3","1","2","1","1","3","1","1","3","1","2","2","1","2","1","3","1","1","","1","1"
"396","910","1","2","1","3","2","3","3","2","2","2","1","1","3","1","1","1","1","3","2","1","3","1","2","3","2","35","1","7"
"397","878","1","1","1","1","1","1","2","4","4","3","2","1","4","2","2","2","1","1","1","1","4","1","2","2","1","18","2","7"
"398","930","2","2","3","2","3","4","3","3","2","3","3","2","2","1","2","2","1","2","1","2","2","2","2","1","1","18","1","7"
"399","","","","","","","","","","","","","","","","","","","","","","","","","","","","",""
"400","890","1","1","2","2","1","3","3","4","3","4","3","2","3","1","2","3","1","1","3","3","2","2","4","4","1","18","2","2"
"401","892","2","3","1","2","1","1","2","2","1","2","2","2","3","1","3","4","1","1","2","1","3","1","2","2","2","18","2","2"
"402","903","1","3","3","2","1","3","2","3","3","1","2","1","4","1","2","2","1","1","3","1","3","1","2","1","1","18","2","2"
"403","858","2","2","2","3","1","1","1","3","2","4","2","3","3","2","3","3","3","2","4","3","2","3","1","2","3","18","2","6"
"404","","","","","","","","","","","","","","","","","","","","","","","","","","","","",""
"405","880","4","3","4","4","4","4","4","2","3","3","4","3","2","1","3","4","3","2","4","3","4","3","4","4","4","18","1","2"
"406","879","2","2","2","2","3","4","3","2","2","2","3","1","1","1","1","1","1","1","1","1","1","1","1","1","1","18","2","1"
"407","948","1","1","3","1","1","3","2","3","1","1","2","1","4","2","2","3","3","1","2","1","1","1","1","1","1","19","1","6"
"408","961","1","1","1","2","2","3","2","2","3","3","3","2","2","2","2","3","2","2","2","2","2","2","2","2","2","","1","7"
"409","913","1","1","1","1","1","2","1","1","3","4","1","1","1","1","1","1","2","1","1","1","1","1","1","1","1","19","2","2"
"410","912","1","1","1","1","1","1","1","1","1","1","1","1","1","1","1","1","1","1","1","1","1","1","1","1","1","18","2","2"
"411","869","3","3","2","2","3","2","2","3","3","3","3","1","1","1","3","3","1","2","3","2","1","1","2","2","1","18","2","3"
"412","875","1","2","1","1","1","1","1","1","1","2","1","1","2","1","2","2","2","1","1","1","1","1","1","1","1","","1","6"
"413","1000549926","2","1","2","2","","3","","3","2","2","4","2","","1","1","2","2","1","","4","3","2","1","1","","23","2","7"
"414","1010","1","2","2","1","1","1","1","1","1","2","1","1","1","1","1","1","1","1","2","1","1","1","1","1","2","18","1","2"
"415","100498678","2","3","4","4","3","2","4","4","4","3","4","1","1","3","3","1","1","1","4","2","4","2","4","4","4","","2","6"
"416","947","1","3","3","2","3","3","2","3","4","3","3","1","3","1","2","2","1","3","3","1","2","2","3","1","2","18","2","6"
"417","993","1","2","4","3","4","3","4","4","3","4","3","1","1","3","3","4","1","2","1","1","2","3","2","2","1","18","2","2,5"
"418","865","3","3","2","3","1","2","3","2","2","2","2","2","2","2","2","3","1","3","4","2","3","1","3","2","1","","2","1,6,7"
"419","987","1","2","2","3","2","3","3","3","3","3","3","1","4","1","2","2","1","2","3","1","2","1","3","1","1","18","2","2"
"420","859","3","3","2","2","2","2","2","2","2","3","1","1","2","1","1","1","1","1","2","2","1","1","1","1","2","","1","2"
"421","977","1","1","1","2","1","2","3","4","2","2","3","2","3","2","2","3","1","3","1","1","2","1","3","2","1","18","2","2"
"422","973","2","3","3","1","1","3","2","3","2","1","3","1","1","1","1","1","1","1","3","2","3","2","2","1","2","18","2","2"
"423","914","1","1","2","1","3","1","2","4","3","4","3","1","1","1","1","1","1","1","2","1","3","1","1","2","1","19","1","7"
"424","980","3","3","4","3","3","4","2","3","4","3","3","3","3","2","2","3","1","4","3","2","4","3","4","4","3","18","2","2"
"425","1021","1","1","1","1","1","1","1","4","3","1","4","1","1","1","3","1","3","2","2","1","1","1","3","1","1","18","2","2"
"426","908","2","2","1","3","2","1","1","1","1","1","2","1","2","1","3","3","1","2","1","1","1","1","2","1","1","","2","7"
"427","982","3","2","3","","1","3","2","4","3","3","2","1","3","1","3","3","3","3","2","3","2","2","3","1","4","","1","6"
"428","938","2","2","1","2","1","4","3","3","3","3","3","1","2","3","2","4","1","3","2","1","1","1","3","2","1","18","2","2"
"429","943","1","2","2","3","2","3","3","4","2","3","2","2","2","1","2","2","1","2","1","1","3","1","2","2","2","","2","2"
"430","994","1","1","1","1","1","1","1","1","1","1","2","1","1","1","4","2","1","1","1","1","1","1","1","1","1","18","2","6"
"431","945","1","1","1","1","1","1","1","4","4","1","4","1","3","1","1","1","1","1","1","1","1","1","4","1","1","","2","1"
"432","983","1","1","1","1","1","1","1","1","2","1","1","1","1","1","1","1","1","1","1","1","1","1","1","1","1","18","2","2"
"433","965","3","2","2","1","3","3","2","3","3","1","3","1","1","2","2","2","1","2","3","1","2","2","3","3","2","18","1","2,5"
"434","995","3","2","2","3","3","3","3","3","3","2","3","2","3","1","2","2","1","3","2","1","3","2","3","1","1","19","2","2"
"435","988","2","3","3","2","3","3","1","3","3","3","3","1","1","1","2","2","1","2","3","1","2","1","2","1","1","19","1","7"
"436","891","2","2","2","2","2","2","2","2","2","2","2","2","2","2","2","2","2","2","2","2","2","","2","2","3","","1","6"
"437","985","1","2","3","2","2","3","3","3","1","1","1","1","2","1","2","1","1","2","1","1","1","1","3","2","1","18","2","1"
"438","984","2","2","3","1","1","3","2","1","1","1","1","1","2","1","1","1","1","1","2","1","1","1","3","1","1","18","2","7"
"439","933","1","2","2","2","1","3","2","3","2","3","2","2","1","2","1","2","1","2","3","1","2","1","3","3","2","18","2","2"
"440","822","2","3","3","4","3","4","3","3","4","3","4","3","3","","2","3","1","2","3","1","3","3","3","3","2","19","2","1,2"
"441","968","1","1","2","1","1","2","1","4","1","3","1","2","3","1","3","3","2","1","3","1","1","1","2","1","1","18","2","1"
"442","996","4","4","4","4","4","4","2","1","1","1","2","1","3","1","3","3","4","2","1","2","3","2","4","3","2","","1","1"
"443","1004821534","2","1","1","1","1","1","1","4","2","1","1","1","1","1","1","1","1","1","1","1","1","1","1","1","2","22","1","3"
"444","899","1","1","2","1","1","1","1","3","3","3","2","1","3","1","3","4","1","1","2","1","1","1","3","2","1","18","2","2"
"445","860","1","1","1","2","1","2","3","4","3","3","3","1","1","1","1","3","1","2","1","1","3","1","4","2","1","19","2","2"
"446","1023","2","2","2","4","2","3","4","4","3","3","3","","1","2","3","3","1","1","3","2","3","2","3","3","2","20","2","6"
"447","1011","2","1","1","3","2","1","1","","3","4","2","1","2","1","3","2","1","1","2","1","2","1","4","3","1","","2","7"
"448","976","2","2","2","3","2","3","3","3","2","3","2","2","3","3","3","3","2","3","2","2","2","2","3","2","2","20","2","6"
"449","997","1","2","1","4","1","2","4","3","1","3","2","2","2","1","3","2","4","2","2","2","4","1","4","2","3","18","1","2"
"450","1008","2","2","3","2","2","3","3","3","4","2","3","2","2","2","1","2","1","1","2","1","3","1","4","2","1","18","2","2"
"451","1045","1","1","1","2","1","3","2","4","4","2","2","1","2","1","3","1","1","2","1","1","1","1","2","2","1","18","2","2"
"452","979","2","2","1","1","1","1","1","2","1","1","1","1","3","1","1","1","1","1","2","1","1","1","2","2","1","18","2","1"
"453","944","3","4","4","4","3","4","3","4","4","4","4","2","1","1","2","2","1","3","4","1","1","1","4","4","1","18","2","2"
"454","1001","2","2","1","4","2","2","3","4","3","3","3","4","3","2","4","3","1","2","2","1","4","2","3","3","1","18","2","1,2"
"455","","","","","","","","","","","","","","","","","","","","","","","","","","","","",""
"456","863","","","","","","","","","","","","","","","","","","","","","","","","","","","",""
"457","1000","1","1","1","1","1","1","1","3","3","3","2","1","1","1","1","1","1","1","1","1","1","1","1","1","1","18","2","1"
"458","900","2","1","2","2","1","1","3","3","1","1","2","3","3","2","3","4","1","3","1","2","3","1","2","3","1","18","2","2,7"
"459","850","3","3","3","3","4","4","4","4","3","4","2","3","3","2","3","3","1","2","2","1","4","1","3","4","1","18","1","6"
"460","","","","","","","","","","","","","","","","","","","","","","","","","","","","",""
"461","","","","","","","","","","","","","","","","","","","","","","","","","","","","",""
"462","929","1","1","1","1","1","2","2","1","1","3","2","1","1","1","1","1","1","2","3","1","3","1","1","1","2","18","1","3,6"
"463","975","1","1","2","2","3","3","3","3","1","2","4","2","4","1","4","1","2","3","1","1","3","1","4","2","1","18","2","7"
"464","868","2","3","3","2","2","3","2","2","2","2","2","2","2","2","2","3","3","3","2","3","2","3","3","2","3","18","1","1,3,5"
"465","1039","3","3","3","4","3","4","4","4","2","2","2","3","2","2","4","2","2","4","2","3","4","1","3","3","1","18","1","2,6"
"466","","","","","","","","","","","","","","","","","","","","","","","","","","","","",""
"467","","","","","","","","","","","","","","","","","","","","","","","","","","","","",""
"468","1043","1","2","3","","2","2","2","2","2","1","3","1","1","2","1","2","1","1","1","1","1","1","1","1","1","20","2","2"
"469","","","","","","","","","","","","","","","","","","","","","","","","","","","","",""
"470","972","2","1","3","3","1","2","2","1","2","1","1","1","1","1","2","2","4","4","1","1","2","1","2","2","3","21","2","2"
"471","24561","3","1","3","3","1","3","3","4","3","4","2","2","3","1","1","1","1","1","3","1","2","1","4","3","1","","2","7"
"472","959","1","2","1","2","1","1","3","2","1","1","1","1","4","1","1","4","1","1","1","1","3","1","2","1","1","18","2","7"
"473","986","1","3","3","3","1","1","3","4","2","4","3","3","2","1","2","2","1","3","2","1","3","1","3","3","1","18","2","7"
"474","902","1","1","2","3","1","1","4","4","4","1","4","1","4","4","4","4","1","2","1","1","4","1","4","2","1","18","2","7"
"475","1060","2","3","2","2","2","2","3","4","3","3","2","1","3","1","3","2","1","2","3","1","1","1","2","1","1","","2","7"
"476","909","1","2","3","3","2","3","1","2","1","1","3","1","2","1","1","2","1","1","1","3","2","1","4","1","3","18","2","7"
"477","harnaz.singh@mail.utoronto.ca","2","1","1","2","1","2","2","2","2","2","1","2","2","2","1","2","2","1","1","2","2","1","1","2","2","18","1","2"
"478","964","1","2","","3","1","3","4","4","2","3","2","3","2","3","2","3","1","2","2","2","3","3","3","3","3","18","2","7"
"479","1040","1","1","1","2","1","1","4","3","3","3","1","3","2","2","3","3","1","1","1","1","4","1","2","3","1","","2","6"
"480","","","","","","","","","","","","","","","","","","","","","","","","","","","","",""
"481","991","1","2","2","4","1","3","3","2","3","2","4","1","3","2","3","2","2","2","2","2","3","1","2","3","1","18","2","2"
"482","1004","2","2","2","3","3","3","3","4","4","3","3","1","2","1","2","2","1","3","3","1","3","1","3","2","1","18","2","6"
"483","1009","2","1","1","4","1","1","3","4","3","4","4","1","4","3","2","4","1","3","1","1","4","1","4","2","1","","2","6"
"484","1015","3","2","2","2","2","1","2","2","3","4","2","1","1","1","1","1","1","1","2","1","3","2","4","2","1","18","1","6"
"485","1044","1","2","2","3","1","2","3","4","3","3","2","2","1","2","3","2","1","2","2","1","2","2","3","3","1","18","1","6"
"486","989","1","1","1","2","2","2","3","3","3","3","3","2","3","1","3","2","1","1","3","1","3","1","3","2","1","18","2","2"
"487","1020","1","1","4","3","1","3","1","3","1","1","4","2","2","4","2","","1","1","1","1","1","1","3","1","3","18","2","1"
"488","954","","","","","","","","","","","","","","","","","","","","","","","","","","","",""
"489","","","","","","","","","","","","","","","","","","","","","","","","","","","","",""
"490","1046","3","2","1","3","1","2","2","2","2","3","2","2","3","1","3","3","2","2","3","1","2","1","3","2","3","18","2","1"
"491","949","1","2","3","2","1","2","4","4","4","4","3","2","3","1","3","1","1","2","1","2","4","1","4","3","2","19","2","2"
"492","950","1","1","1","1","1","1","2","4","3","1","3","1","1","2","3","2","1","2","2","1","2","1","3","3","1","18","2","6"
"493","","","","","","","","","","","","","","","","","","","","","","","","","","","","",""
"494","1036","1","2","3","3","1","2","1","4","2","4","2","1","3","1","3","2","1","2","2","1","2","1","1","2","2","19","1","3"
"495","954","3","3","2","1","2","2","1","3","2","4","2","1","2","1","2","3","1","1","2","2","2","2","2","2","1","19","2","2"
"496","871","3","2","3","3","2","2","3","4","4","4","3","2","2","1","3","2","1","3","3","2","3","2","3","2","2","18","2","7"
"497","1013","1","4","4","3","1","1","1","4","4","4","2","1","1","3","4","1","1","3","3","1","1","2","1","1","4","","1","1"
"498","853","","","","","","","","","","","","","","","","","","","","","","","","","","","",""
"499","1027","1","2","2","3","1","2","","3","4","2","3","1","2","1","3","3","1","2","3","1","2","2","2","1","1","19","2","2"
"500","951","1","1","2","1","1","2","1","2","3","3","3","3","3","1","4","1","1","1","4","1","1","1","1","1","1","","2","2"
"501","800","1","1","2","2","1","2","3","3","3","3","2","1","2","1","2","2","1","1","1","1","3","1","1","2","1","","2","3"
"502","1042","1","4","3","1","3","4","3","4","3","4","1","1","1","1","2","1","1","1","3","2","2","1","4","2","2","18","2","2"
"503","1007","3","2","2","1","3","3","2","1","2","1","1","1","2","1","3","2","1","1","1","1","2","1","2","2","1","18","2","2"
"504","1029","3","2","3","3","3","4","4","3","3","4","2","1","2","1","3","2","1","2","4","1","2","2","2","3","2","18","2","2"
"505","928","1","1","1","1","1","1","1","3","3","1","3","1","1","1","1","1","1","1","3","1","1","1","1","1","1","18","2","6"
"506","932","1","1","1","1","1","3","1","2","2","3","2","2","1","2","2","2","1","2","2","1","2","1","3","2","1","","2","6"
"507","1000","","","","","","","","","","","","","","","","","","","","","","","","","","","",""
"508","882","1","2","1","4","2","1","3","4","4","4","4","1","1","2","3","3","1","1","4","1","2","1","1","1","1","19","2","2"
"509","1063","","","","","","","","","","","","","","","","","","","","","","","","","","","",""
"510","","","","","","","","","","","","","","","","","","","","","","","","","","","","",""
"511","","","","","","","","","","","","","","","","","","","","","","","","","","","","",""
"512","937","2","2","1","1","1","2","1","2","1","1","1","1","2","1","2","1","2","2","1","1","1","1","1","1","1","18","1","6"
"513","953","1","1","1","1","1","1","1","3","3","3","1","1","1","1","1","1","1","1","2","1","1","1","2","1","1","18","2","3"
"514","742","1","3","3","3","1","1","1","4","3","1","1","3","1","2","2","3","1","2","3","1","3","2","4","3","1","22","2","2"
"515","1034","3","2","3","1","3","3","1","1","1","3","2","2","3","2","1","3","3","1","1","1","1","3","2","1","4","18","1","2"
"516","915","1","3","2","4","1","2","3","4","4","4","2","3","1","2","3","2","1","2","3","1","3","2","3","3","1","19","2","6"
"517","1033","","","","","","","","","","","","","","","","","","","","","","","","","","","",""
"518","761","1","2","2","3","3","2","3","2","2","1","2","1","1","2","1","3","3","","1","1","3","1","4","4","1","18","2","7"
"519","","","","","","","","","","","","","","","","","","","","","","","","","","","","",""
"520","952","1","1","1","1","1","1","2","3","2","3","2","1","3","1","2","2","1","1","1","1","2","1","2","2","1","18","2","7"
"521","887","1","2","2","3","1","3","3","3","4","3","3","1","4","1","3","2","1","1","1","1","2","1","3","2","1","19","2","6"
"522","","","","","","","","","","","","","","","","","","","","","","","","","","","","",""
"523","1026","2","2","2","3","1","4","3","3","2","3","3","2","2","1","2","4","1","2","2","2","2","1","2","2","1","","2","2"
"524","946","","","","","","","","","","","","","","","","","","","","","","","","","","","2","1"
"525","clarissa.ho@mail.utoronto.ca","1","2","1","3","1","4","2","3","1","2","2","1","3","2","3","3","1","3","2","1","1","1","3","3","1","","2","2"
"526","746","3","3","1","4","3","2","3","4","2","2","2","1","1","1","3","1","1","1","2","1","3","1","1","1","1","18","2","6"
"527","1049","2","3","2","1","2","1","1","1","2","1","1","1","1","1","2","1","2","1","1","3","4","2","3","2","4","21","1","7"
"528","","","","","","","","","","","","","","","","","","","","","","","","","","","","",""
"529","825","1","2","1","1","1","2","1","1","1","1","1","1","1","1","1","1","1","1","1","1","1","1","1","2","1","19","1","2"
"530","935","2","2","2","2","2","3","2","3","2","1","2","1","2","1","2","2","1","1","2","1","2","1","3","3","2","19","2","7"
"531","tugba.tasdemir@mail.utoronto.ca","1","1","1","1","1","1","1","3","3","1","2","1","2","1","1","1","1","1","1","1","1","1","2","1","1","24","2","2"
"532","788","2","2","1","2","1","1","2","1","1","1","1","1","3","2","1","3","3","3","2","3","1","1","2","4","2","18","1","7"
"533","matt.leggieri@mail.utoronto.ca","1","1","3","2","1","2","2","3","1","3","2","1","1","1","3","3","1","1","1","1","1","1","1","1","1","","1","6"
"534","1047","4","4","4","4","4","4","4","4","4","3","4","3","1","2","4","1","2","4","2","1","3","1","4","2","2","18","1","3,6"
"535","872","1","1","1","4","1","3","3","4","3","2","4","1","3","4","3","4","1","3","1","1","2","1","2","1","1","18","2","7"
"536","873","1","1","1","4","1","3","3","4","3","2","4","1","2","4","3","4","1","3","1","1","2","1","1","1","1","18","2","7"
"537","1037","1","1","1","2","1","2","1","2","2","2","1","1","1","1","1","1","1","1","1","2","2","2","1","1","3","18","1","6"
"538","876","1","1","2","3","1","4","4","4","4","4","3","1","3","1","4","2","1","2","4","3","4","2","3","1","1","18","2","7"
"539","","","","","","","","","","","","","","","","","","","","","","","","","","","","",""
"540","1064","1","2","3","3","2","3","2","3","2","3","2","1","4","1","3","1","1","1","3","1","3","1","2","1","1","20","1","6"
"541","","","","","","","","","","","","","","","","","","","","","","","","","","","","",""
"542","981","3","3","2","2","2","3","2","2","3","3","2","1","2","1","2","2","1","1","1","1","1","3","1","1","1","19","2","6"
"543","24498","1","1","1","2","1","1","2","3","3","3","1","1","2","1","2","3","1","1","1","1","1","1","2","1","1","19","2","7"
"544","992","2","3","3","2","3","3","3","3","3","3","","2","2","3","3","2","2","3","2","2","3","3","2","3","1","18","2","5,7"
"545","1068","1","1","2","3","1","1","1","4","4","4","1","1","1","1","2","2","1","1","1","1","1","1","2","3","1","18","2","2"
"546","1062","2","2","2","1","1","1","1","2","2","1","2","1","1","1","1","1","1","1","1","1","1","1","1","1","1","19","2","7"
"547","","","","","","","","","","","","","","","","","","","","","","","","","","","","",""
"548","1066","1","1","1","1","1","1","1","1","1","2","1","1","2","1","1","3","2","1","2","1","1","1","1","1","1","20","2","6"
"549","24168","1","3","1","2","4","1","2","3","1","3","2","3","1","1","2","4","4","3","1","","2","3","2","1","3","18","2","2"
"550","853","","","","","","","","","","","","","","","","","","","","","","","","","","","",""
"551","debra.olaniyi@mail.utoronto.ca","","","","","","","","","","","","","","","","","","","","","","","","","","","",""
"552","","","","","","","","","","","","","","","","","","","","","","","","","","","","",""
"553","1030","","","","","","","","","","","","","","","","","","","","","","","","","","","",""
"554","1085","1","1","2","1","1","1","2","2","1","2","2","1","1","2","1","2","1","2","2","3","3","1","3","1","1","18","2","1"
"555","1106","3","2","2","3","1","1","4","3","4","1","1","1","3","3","4","3","1","1","3","4","4","3","4","4","4","20","2","3"
"556","1085","1","1","2","3","1","2","2","2","3","3","2","1","4","1","1","4","1","1","1","1","1","2","2","1","3","20","2","3"
"557","1095","2","1","1","3","1","3","4","2","3","2","2","3","3","1","2","3","2","2","3","2","3","2","3","3","2","18","2","7"
"558","1098","3","3","3","3","3","3","3","3","3","3","3","1","3","2","3","2","1","2","2","2","2","2","2","2","2","18","1","2"
"559","1088","2","3","3","3","2","1","3","3","2","2","3","1","2","2","4","3","4","4","3","3","4","4","1","1","3","18","2","2"
"560","1101","1","1","2","3","2","1","4","2","1","1","4","1","2","2","3","3","1","4","3","1","4","2","3","2","2","","2","7"
"561","1089","2","3","3","1","2","2","3","4","4","2","3","2","1","2","3","2","1","1","2","2","3","1","2","2","1","18","2","2"
"562","1078","2","3","3","2","2","4","2","3","4","3","4","2","2","1","3","2","1","2","3","1","1","2","4","1","2","18","2","7"
"563","1079","1","1","1","2","1","2","2","3","3","3","1","3","4","1","3","2","1","1","4","1","3","2","4","2","1","18","2","7"
"564","1099","2","4","4","3","2","2","4","3","4","3","2","1","3","1","3","3","1","2","3","2","4","1","4","4","1","18","2","1"
"565","1107","1","1","1","1","1","1","1","2","1","2","1","1","2","1","1","1","1","1","1","1","1","1","1","1","1","18","2","7"
"566","1118","3","3","3","2","1","2","4","3","2","2","3","1","4","1","1","4","1","2","1","1","2","1","3","1","1","20","2","2"
"567","1123","1","3","4","2","1","2","3","4","4","3","3","1","2","3","2","4","1","1","3","1","2","1","3","1","1","18","2","1"
"568","1081","1","1","1","2","1","1","2","3","2","1","1","1","1","3","1","3","1","2","1","1","2","1","3","2","1","18","2","6"
"569","1080","3","3","3","3","2","3","3","3","2","1","3","3","1","1","1","3","1","3","1","1","3","1","2","2","1","19","2","2"
"570","","","","","","","","","","","","","","","","","","","","","","","","","","","","",""
"571","1147","3","2","4","3","3","1","3","4","4","3","3","1","2","3","4","4","2","2","4","1","1","2","1","3","3","19","2","1"
"572","1148","1","1","1","2","1","1","1","4","4","2","1","1","1","1","1","1","1","1","3","1","2","1","2","1","1","18","2","2,6"
"573","1097","3","4","1","1","2","1","1","1","1","1","1","1","3","2","2","3","2","1","3","1","1","1","4","2","3","18","2","2"
"574","1150","3","3","3","3","1","2","3","3","1","3","2","1","4","4","3","4","2","1","2","1","3","1","3","1","1","","2","2"
"575","1152","2","3","2","4","2","4","2","4","4","1","3","1","1","1","3","2","1","2","2","1","2","2","3","4","2","","1","6"
"576","1169","2","2","2","1","1","2","2","2","3","2","2","1","2","3","1","1","1","1","1","1","2","1","1","1","1","18","2","1"
"577","1132","3","3","3","1","1","3","3","3","1","2","3","1","1","1","1","1","1","1","1","1","3","1","4","1","3","","2","2"
"578","1138","3","4","4","4","2","3","3","4","4","4","2","3","2","2","4","3","3","3","4","2","4","1","4","3","2","18","2","2"
"579","1136","1","2","1","2","1","1","1","4","4","1","2","1","2","2","2","2","1","2","1","1","1","1","2","1","1","","2","6"
"580","1156","1","1","1","2","1","2","2","2","2","2","1","1","1","1","2","1","1","2","1","1","1","1","3","1","1","18","1","2"
"581","1157","1","3","2","1","1","1","2","2","1","2","2","2","1","1","2","2","2","1","2","2","3","1","3","2","2","","1","2"
"582","1155","1","1","1","1","1","2","2","1","1","1","1","1","1","1","1","2","1","4","1","1","1","1","1","1","1","18","2","6,7"
"583","1170","4","4","4","1","3","1","3","1","1","1","4","1","3","1","4","1","1","2","2","2","3","1","2","3","1","19","1","2"
"584","1182","1","2","2","2","2","3","2","3","2","2","2","2","3","2","2","2","2","2","1","1","1","2","1","1","2","18","2","7"
"585","1153","1","1","1","1","2","2","2","2","","2","2","","2","2","2","2","2","2","2","1","1","1","2","1","2","19","2","2,7"
"586","1154","2","2","2","3","1","3","3","2","4","2","2","1","3","2","1","4","1","2","1","2","4","2","4","3","2","18","2","7"
"587","1134","3","3","4","4","3","4","4","4","4","4","1","1","2","1","3","4","1","1","4","1","4","1","2","1","1","","2","2"
"588","1173","2","2","1","1","1","2","3","3","3","3","1","1","2","1","2","2","1","1","3","2","1","2","3","3","2","","2","2"
"589","1161","1","1","1","1","1","1","1","2","3","2","4","3","2","2","2","2","1","2","1","3","3","1","3","1","1","18","2","7"
"590","1164","2","3","2","","2","2","4","4","4","4","3","2","3","2","3","3","2","1","1","2","3","3","4","3","3","","2","6"
"591","1160","2","3","3","1","2","3","2","3","4","2","3","1","4","2","1","1","1","2","3","1","4","1","3","2","1","18","2","2"
"592","1183","1","1","1","2","1","3","3","3","3","4","2","1","1","1","1","1","1","1","3","1","1","1","1","1","1","18","2","7"
"593","1163","4","2","3","2","2","3","4","3","2","4","3","3","4","1","1","4","3","3","2","2","4","4","4","3","4","19","1","2,7"
"594","28316","3","3","4","4","2","3","3","4","4","3","4","3","4","3","4","4","2","4","3","1","3","1","4","4","3","18","2","3"
"595","1139","4","3","3","3","1","2","3","1","1","3","2","3","3","2","2","2","2","3","1","2","2","1","3","2","1","21","2","2"
"596","1174","2","3","4","4","3","4","4","4","3","2","2","1","4","3","4","2","1","1","3","1","2","1","3","2","1","20","2","2"
"597","1168","2","3","2","2","2","3","3","2","1","1","2","1","1","1","2","2","1","2","3","1","3","2","3","2","2","19","1","7"
"598","1165","1","2","1","3","1","3","2","3","2","1","4","1","3","1","1","2","1","3","2","3","1","2","1","2","1","","1","7"
"599","1166","1","2","3","2","2","4","3","2","4","1","2","3","2","2","1","1","3","2","2","3","4","3","2","3","4","18","1","7"
"600","1184","1","1","2","1","1","2","3","2","2","2","2","1","2","1","2","1","1","2","2","2","1","2","2","2","2","18","2","6"
"601","1186","1","1","1","4","1","1","3","4","1","4","1","1","3","1","1","3","4","3","1","1","4","3","4","3","3","18","1","7"
"602","1185","2","2","1","1","1","1","1","1","4","1","1","2","2","1","1","1","1","1","2","2","3","2","2","3","2","18","2","2"
"603","28435","","","","","","","","","","","","","","","","","","","","","","","","","","","",""
"604","1189","1","2","1","3","2","2","2","3","1","1","1","1","2","2","2","2","1","1","1","2","3","1","2","2","1","19","2","2"
"605","1178","4","3","3","3","2","1","4","4","3","1","3","1","1","1","2","2","1","2","3","2","4","2","4","2","2","19","2","2"
"606","1162","1","1","1","4","4","1","4","4","4","4","4","1","1","1","1","1","1","1","1","1","1","1","1","1","1","19","2","1"
"607","1185","","","","","","","","","","","","","","","","","","","","","","","","","","","",""
"608","1188","3","1","4","2","4","4","4","4","4","4","3","3","3","1","4","2","1","1","3","2","4","3","4","2","3","","1","6"
"609","30113","2","1","1","2","1","2","1","3","3","2","3","3","1","1","1","2","1","1","1","2","1","1","2","1","1","","2","2"
"610","30114","3","4","3","2","2","3","2","3","2","1","3","3","3","1","3","2","1","1","4","2","2","2","3","3","2","21","2","2"
"611","999","","","","","","","","","","","","","","","","","","","","","","","","","","","",""
"612","30097","1","1","1","2","1","1","1","3","1","1","2","1","2","2","3","3","1","2","1","1","1","1","2","1","1","18","2","6"
"613","1199","1","2","1","1","1","1","3","1","3","1","1","1","2","1","1","1","1","1","3","1","3","1","3","3","1","","2","6"
"614","99999","","","","","","","","","","","","","","","","","","","","","","","","","","","",""
"615","1201","1","1","1","1","1","1","2","2","1","1","1","1","2","1","2","1","1","2","1","1","1","1","2","1","1","","2","7"
"616","1200","1","1","1","2","1","1","1","2","1","1","1","1","1","2","1","2","1","2","1","1","1","1","2","1","1","19","2","2"
"617","999","","","","","","","","","","","","","","","","","","","","","","","","","","","",""
"618","1202","1","1","1","1","2","1","1","3","2","2","1","1","1","1","2","1","1","1","1","1","1","1","1","1","1","21","2","7"
"619","1205","4","4","4","3","4","4","4","4","4","4","4","4","1","1","4","1","1","1","4","1","4","1","4","4","1","19","2","2"
