"","Study_ID","Letter","Session_ID","OP_TIPI1_final_session2_A","OP_TIPI3_final_session2_A","OP_TIPI5_final_session2_A","OP_TIPI7_final_session2_A","OP_TIPI9_final_session2_A","OP_TIPI2_final_session2_A","OP_TIPI4_final_session2_A","OP_TIPI6_final_session2_A","OP_TIPI8_final_session2_A","OP_TIPI10_final_session2_A","OP_TIPI1_final_session2_B","OP_TIPI3_final_session2_B","OP_TIPI5_final_session2_B","OP_TIPI7_final_session2_B","OP_TIPI9_final_session2_B","OP_TIPI2_final_session2_B","OP_TIPI4_final_session2_B","OP_TIPI6_final_session2_B","OP_TIPI8_final_session2_B","OP_TIPI10_final_session2_B","OP_TIPI1_final_session2_C","OP_TIPI3_final_session2_C","OP_TIPI5_final_session2_C","OP_TIPI7_final_session2_C","OP_TIPI9_final_session2_C","OP_TIPI2_final_session2_C","OP_TIPI4_final_session2_C","OP_TIPI6_final_session2_C","OP_TIPI8_final_session2_C","OP_TIPI10_final_session2_C","OP_TIPI1_final_session2_D","OP_TIPI3_final_session2_D","OP_TIPI5_final_session2_D","OP_TIPI7_final_session2_D","OP_TIPI9_final_session2_D","OP_TIPI2_final_session2_D","OP_TIPI4_final_session2_D","OP_TIPI6_final_session2_D","OP_TIPI8_final_session2_D","OP_TIPI10_final_session2_D","OP_TIPI1_final_session2_E","OP_TIPI3_final_session2_E","OP_TIPI5_final_session2_E","OP_TIPI7_final_session2_E","OP_TIPI9_final_session2_E","OP_TIPI2_final_session2_E","OP_TIPI4_final_session2_E","OP_TIPI6_final_session2_E","OP_TIPI8_final_session2_E","OP_TIPI10_final_session2_E","letter"
"1","9999","C","","","","","","","","","","","","","","","","","","","","","","","","","","","","","","","","","","","","","","","","","","","","","","","","","","","",4
"2","999","B","","","","","","","","","","","","","","","","","","","","","","","","","","","","","","","","","","","","","","","","","","","","","","","","","","","",3
"3","999","B","","","","","","","","","","","","","","","","","","","","","","","","","","","","","","","","","","","","","","","","","","","","","","","","","","","",3
"4","110","B","","4","4","3","4","4","4","4","4","4","4","","","","","","","","","","","4","5","4","4","4","5","4","4","3","3","3","4","4","3","5","4","4","3","3","4","4","4","4","3","4","5","4","4","3","4",3
"5","132","D","","5","5","5","4","4","1  Not at all","1  Not at all","3","1  Not at all","2","4","6","3","4","4","2","2","2","1  Not at all","2","4","5","3","4","5","1  Not at all","1  Not at all","2","1  Not at all","2","","","","","","","","","","","4","4","5","3","4","1  Not at all","1  Not at all","1  Not at all","1  Not at all","2",5
"6","151","C","","3","5","4","5","3","2","3","3","3","5","3","4","5","4","4","2","2","3","2","4","","","","","","","","","","","5","4","4","4","3","2","1  Not at all","3","3","4","4","5","","5","4","2","2","4","3","4",4
"7","114","A","","","","","","","","","","","","4","3","3","5","4","1  Not at all","2","2","3","3","3","3","2","4","4","1  Not at all","2","4","3","2","4","2","3","3","3","3","2","1  Not at all","3","3","4","3","3","5","4","1  Not at all","2","2","3","3",2
"8","152","E","","5","5","5","5","5","1  Not at all","1  Not at all","2","1  Not at all","2","4","5","5","5","5","1  Not at all","1  Not at all","2","1  Not at all","2","4","5","5","5","5","1  Not at all","1  Not at all","4","1  Not at all","2","6","5","4","5","5","1  Not at all","1  Not at all","2","2","2","","","","","","","","","","",6
"9","147","D","","7  Extremely","6","7  Extremely","5","7  Extremely","3","1  Not at all","1  Not at all","1  Not at all","1  Not at all","7  Extremely","5","7  Extremely","5","7  Extremely","2","1  Not at all","1  Not at all","1  Not at all","1  Not at all","7  Extremely","5","7  Extremely","4","7  Extremely","2","1  Not at all","1  Not at all","1  Not at all","1  Not at all","","","","","","","","","","","","","","","","","","","","",5
"10","117","C","","5","5","5","5","5","1  Not at all","1  Not at all","2","1  Not at all","5","4","5","5","5","5","1  Not at all","1  Not at all","6","1  Not at all","5","","","","","","","","","","","5","5","5","4","5","1  Not at all","1  Not at all","1  Not at all","1  Not at all","4","","","","","","","","","","",4
"11","101","A","","","","","","","","","","","","6","5","5","5","5","1  Not at all","1  Not at all","6","1  Not at all","2","6","5","5","5","5","1  Not at all","1  Not at all","4","1  Not at all","2","6","5","5","6","5","1  Not at all","1  Not at all","1  Not at all","1  Not at all","2","","","","","","","","","","",2
"12","141","B","","5","5","5","5","5","1  Not at all","1  Not at all","4","1  Not at all","3","","","","","","","","","","","4","5","5","5","5","1  Not at all","1  Not at all","3","1  Not at all","3","5","5","5","5","5","1  Not at all","1  Not at all","4","1  Not at all","3","","","","","","","","","","",3
"13","154","D","","4","4","4","5","5","3","1  Not at all","1  Not at all","1  Not at all","1  Not at all","4","4","4","5","5","3","1  Not at all","4","1  Not at all","2","4","4","4","5","5","3","1  Not at all","1  Not at all","1  Not at all","1  Not at all","","","","","","","","","","","","","","","","","","","","",5
"14","159","C","","6","6","5","5","6","1  Not at all","1  Not at all","1  Not at all","3","3","4","5","5","5","6","1  Not at all","1  Not at all","7  Extremely","3","5","","","","","","","","","","","5","6","5","5","6","1  Not at all","1  Not at all","3","3","3","","","","","","","","","","",4
"15","166","B","","4","3","6","5","5","6","3","2","1  Not at all","3","","","","","","","","","","","4","3","5","7  Extremely","5","5","3","4","1  Not at all","3","4","3","6","6","4","5","3","6","1  Not at all","3","","","","","","","","","","",3
"16","112","A","","","","","","","","","","","","3","4","5","3","5","2","1  Not at all","7  Extremely","1  Not at all","4","4","5","3","5","5","4","1  Not at all","4","1  Not at all","2","3","5","5","3","5","2","1  Not at all","3","1  Not at all","2","","","","","","","","","","",2
"17","176","E","","","","","","","","","","","","5","4","5","4","4","1  Not at all","2","2","2","2","5","4","5","4","4","1  Not at all","2","2","2","2","5","4","5","4","4","1  Not at all","2","2","2","2","","","","","","","","","","",6
"18","164","D","","","","","","","","","","","","5","4","4","5","6","2","1  Not at all","2","2","5","5","4","4","5","6","3","1  Not at all","1  Not at all","2","5","","","","","","","","","","","4","4","4","5","6","2","1  Not at all","4","1  Not at all","5",5
"19","107","B","","","","","","","","","","","","","","","","","","","","","","6","5","6","5","6","1  Not at all","1  Not at all","1  Not at all","3","1  Not at all","5","5","5","5","6","1  Not at all","3","3","2","4","4","5","4","4","6","1  Not at all","3","3","4","4",3
"20","183","C","","","","","","","","","","","","6","6","6","5","5","1  Not at all","5","5","3","3","","","","","","","","","","","5","6","5","5","5","1  Not at all","6","5","3","3","5","6","5","5","5","1  Not at all","4","5","3","4",4
"21","999","A","","","","","","","","","","","","","","","","","","","","","","","","","","","","","","","","","","","","","","","","","","","","","","","","","","","",2
"22","113","E","","6","5","4","3","4","1  Not at all","1  Not at all","7  Extremely","1  Not at all","3","6","5","4","5","4","1  Not at all","1  Not at all","4","1  Not at all","3","6","5","4","3","3","1  Not at all","3","7  Extremely","1  Not at all","3","6","5","4","3","4","1  Not at all","1  Not at all","4","1  Not at all","3","","","","","","","","","","",6
"23","211","B","","2","3","2","3","4","2","3","6","3","7  Extremely","","","","","","","","","","","2","2","2","4","4","3","3","6","3","5","4","3","3","4","4","3","3","4","3","3","5","3","4","4","4","3","3","3","3","4",3
"24","113","E","","5","6","5","5","5","1  Not at all","1  Not at all","4","1  Not at all","3","5","6","5","5","5","1  Not at all","1  Not at all","1  Not at all","1  Not at all","3","5","6","5","5","5","1  Not at all","1  Not at all","7  Extremely","1  Not at all","3","5","6","5","5","5","1  Not at all","1  Not at all","2","1  Not at all","3","","","","","","","","","","",6
"25","229","A","","","","","","","","","","","","7  Extremely","6","7  Extremely","7  Extremely","6","2","2","1  Not at all","3","3","5","4","5","6","6","2","3","3","3","3","5","5","6","5","5","2","3","1  Not at all","3","4","4","6","6","5","6","2","3","1  Not at all","4","4",2
"26","210","D","","4","5","6","7  Extremely","7  Extremely","1  Not at all","1  Not at all","7  Extremely","4","3","7  Extremely","5","6","7  Extremely","6","3","1  Not at all","3","2","1  Not at all","5","4","5","4","4","6","2","3","5","5","","","","","","","","","","","3","5","3","2","7  Extremely","5","2","7  Extremely","3","3",5
"27","153","C","","4","5","6","4","6","2","2","6","2","4","6","5","6","6","5","2","2","3","2","2","","","","","","","","","","","5","5","6","5","5","3","2","4","2","2","5","5","6","4","5","3","2","4","2","2",4
"28","234","A","","","","","","","","","","","","","","","","","","","","","","","","","","","","","","","","","","","","","","","","","","","","","","","","","","","",2
"29","225","C","","2","4","2","3","4","1  Not at all","3","5","1  Not at all","5","2","4","3","6","5","1  Not at all","3","1  Not at all","1  Not at all","4","","","","","","","","","","","2","4","4","5","6","1  Not at all","4","1  Not at all","1  Not at all","3","","","","","","","","","","",4
"30","218","D","","","","4","","","","","1  Not at all","","1  Not at all","","","4","","","","","1  Not at all","","1  Not at all","","","3","","","","","7  Extremely","","6","","","","","","","","","","","","","","","","","","","","",5
"31","130","B","","2","5","4","2","5","1  Not at all","2","5","1  Not at all","4","","","","","","","","","","","4","5","4","2","5","1  Not at all","3","4","1  Not at all","4","4","5","4","2","5","1  Not at all","2","4","1  Not at all","2","","","","","","","","","","",3
"32","999","E","","","","","","","","","","","","","","","","","","","","","","","","","","","","","","","","","","","","","","","","","","","","","","","","","","","",6
"33","277","A","","","","","","","","","","","","4","4","4","4","4","4","4","4","4","4","4","4","4","4","4","4","4","4","4","4","","","","","","","","","","","","","","","","","","","","",2
"34","276","C","","2","6","5","5","5","2","4","7  Extremely","2","2","7  Extremely","5","6","4","4","3","2","1  Not at all","4","1  Not at all","","","","","","","","","","","","","","","","","","","","","","","","","","","","","","",4
"35","280","B","","2","4","3","4","5","3","3","6","2","3","","","","","","","","","","","4","4","3","4","4","4","3","4","2","4","","","","","","","","","","","","","","","","","","","","",3
"36","473","D","","6","5","5","5","4","3","1  Not at all","1  Not at all","1  Not at all","1  Not at all","6","4","5","5","4","3","1  Not at all","1  Not at all","1  Not at all","1  Not at all","3","2","2","4","1  Not at all","1  Not at all","5","6","3","5","","","","","","","","","","","","","","","","","","","","",5
"37","530","B","","4","5","3","5","6","1  Not at all","1  Not at all","6","2","3","","","","","","","","","","","5","4","5","4","6","1  Not at all","1  Not at all","6","2","4","5","4","6","5","5","1  Not at all","1  Not at all","5","2","3","","","","","","","","","","",3
"38","442","A","","","","","","","","","","","","4","6","5","1  Not at all","7  Extremely","3","1  Not at all","2","1  Not at all","2","5","5","5","3","7  Extremely","1  Not at all","1  Not at all","3","1  Not at all","4","6","6","5","2","7  Extremely","1  Not at all","1  Not at all","1  Not at all","1  Not at all","4","","","","","","","","","","",2
"39","417","C","","2","2","2","2","5","4","1  Not at all","5","2","4","2","2","2","2","4","4","1  Not at all","3","2","2","","","","","","","","","","","3","2","2","2","4","7  Extremely","2","2","2","4","","","","","","","","","","",4
"40","548","D","2042","3","5","4","3","5","3","2","5","2","5","4","3","4","4","5","1  Not at all","3","3","1  Not at all","4","4","5","3","4","3","3","4","4","3","3","","","","","","","","","","","4","5","5","5","5","2","4","5","2","5",5
"41","529","E","2042","5","6","4","3","4","1  Not at all","1  Not at all","3","1  Not at all","2","5","4","3","4","4","1  Not at all","1  Not at all","3","1  Not at all","2","7  Extremely","5","5","5","2","1  Not at all","1  Not at all","1  Not at all","1  Not at all","5","5","4","4","4","4","1  Not at all","1  Not at all","5","1  Not at all","2","","","","","","","","","","",6
"42","450","C","2042","4","3","4","3","7  Extremely","2","1  Not at all","3","1  Not at all","4","1  Not at all","3","4","3","7  Extremely","2","1  Not at all","6","1  Not at all","5","","","","","","","","","","","4","3","4","3","7  Extremely","2","1  Not at all","3","1  Not at all","3","4","3","4","3","7  Extremely","2","1  Not at all","4","1  Not at all","2",4
"43","499","B","2042","4","5","5","4","4","4","3","2","2","3","","","","","","","","","","","4","4","4","4","4","2","4","3","3","3","3","3","4","4","4","3","3","3","4","2","4","5","4","4","4","4","3","5","2","4",3
"44","506","A","2042","","","","","","","","","","","2","7  Extremely","3","3","7  Extremely","1  Not at all","1  Not at all","7  Extremely","1  Not at all","2","7  Extremely","6","7  Extremely","3","6","1  Not at all","1  Not at all","1  Not at all","1  Not at all","1  Not at all","6","6","6","6","7  Extremely","1  Not at all","1  Not at all","2","1  Not at all","1  Not at all","5","7  Extremely","6","6","7  Extremely","1  Not at all","2","5","1  Not at all","1  Not at all",2
"45","999","E","","","","","","","","","","","","","","","","","","","","","","","","","","","","","","","","","","","","","","","","","","","","","","","","","","","",6
"46","999","A","2060","","","","","","","","","","","","","","","","","","","","","","","","","","","","","","","","","","","","","","","","","","","","","","","","","","",2
"47","674","A","2060","","","","","","","","","","","7  Extremely","6","6","5","6","1  Not at all","1  Not at all","1  Not at all","1  Not at all","1  Not at all","5","6","6","6","6","1  Not at all","1  Not at all","2","1  Not at all","1  Not at all","6","7  Extremely","6","5","6","1  Not at all","1  Not at all","1  Not at all","1  Not at all","1  Not at all","","","","","","","","","","",2
"48","675","B","2060","4","4","5","5","4","1  Not at all","2","4","3","2","","","","","","","","","","","5","4","1  Not at all","5","4","1  Not at all","2","4","3","2","7  Extremely","4","6","2","4","4","5","1  Not at all","3","1  Not at all","","","","","","","","","","",3
"49","696","C","2060","5","7  Extremely","7  Extremely","7  Extremely","7  Extremely","1  Not at all","1  Not at all","3","1  Not at all","1  Not at all","7  Extremely","7  Extremely","7  Extremely","7  Extremely","5","1  Not at all","1  Not at all","1  Not at all","1  Not at all","1  Not at all","","","","","","","","","","","4","7  Extremely","7  Extremely","7  Extremely","6","1  Not at all","1  Not at all","2","1  Not at all","1  Not at all","","","","","","","","","","",4
"50","680","D","2060","6","6","5","6","5","4","1  Not at all","3","3","4","7  Extremely","5","6","6","5","4","1  Not at all","1  Not at all","3","2","6","5","5","6","5","4","1  Not at all","2","3","4","","","","","","","","","","","","","","","","","","","","",5
"51","999","A","1999","","","","","","","","","","","","","","","","","","","","","","","","","","","","","","","","","","","","","","","","","","","","","","","","","","",2
"52","697","A","2061","","","","","","","","","","","6","6","5","6","6","2","1  Not at all","2","1  Not at all","1  Not at all","6","6","5","5","6","2","1  Not at all","2","3","1  Not at all","4","6","5","5","6","2","2","4","3","1  Not at all","","","","","","","","","","",2
"53","695","B","2061","5","6","5","5","6","1  Not at all","1  Not at all","1  Not at all","1  Not at all","1  Not at all","","","","","","","","","","","4","6","5","5","6","1  Not at all","1  Not at all","1  Not at all","1  Not at all","1  Not at all","4","6","5","5","6","1  Not at all","1  Not at all","1  Not at all","1  Not at all","1  Not at all","","","","","","","","","","",3
"54","706","D","2061","6","4","4","5","5","1  Not at all","1  Not at all","1  Not at all","1  Not at all","1  Not at all","4","5","3","5","5","1  Not at all","1  Not at all","5","1  Not at all","1  Not at all","5","4","4","4","4","1  Not at all","1  Not at all","4","1  Not at all","1  Not at all","","","","","","","","","","","","","","","","","","","","",5
"55","733","C","261","7  Extremely","4","5","6","7  Extremely","1  Not at all","1  Not at all","6","2","2","7  Extremely","4","5","6","6","1  Not at all","1  Not at all","5","2","2","","","","","","","","","","","7  Extremely","4","5","6","7  Extremely","1  Not at all","1  Not at all","5","2","2","","","","","","","","","","",4
"56","22836","A","2061","","","","","","","","","","","","","","","","","","","","","","","","","","","","","","","","","","","","","","","","","","","","","","","","","","",2
"57","751","B","2065","7  Extremely","7  Extremely","7  Extremely","7  Extremely","7  Extremely","7  Extremely","1  Not at all","6","1  Not at all","1  Not at all","","","","","","","","","","","7  Extremely","7  Extremely","7  Extremely","7  Extremely","7  Extremely","7  Extremely","1  Not at all","4","1  Not at all","1  Not at all","7  Extremely","7  Extremely","7  Extremely","7  Extremely","7  Extremely","7  Extremely","1  Not at all","1  Not at all","1  Not at all","1  Not at all","7  Extremely","7  Extremely","7  Extremely","7  Extremely","7  Extremely","7  Extremely","1  Not at all","1  Not at all","1  Not at all","1  Not at all",3
"58","745","C","2065","3","5","3","4","4","2","1  Not at all","6","3","5","5","4","6","4","4","5","1  Not at all","2","3","2","","","","","","","","","","","4","4","4","3","4","5","1  Not at all","3","3","3","4","5","5","3","4","3","1  Not at all","3","3","3",4
"59","743","D","2065","1  Not at all","1  Not at all","1  Not at all","2","1  Not at all","1  Not at all","2","7  Extremely","1  Not at all","1  Not at all","7  Extremely","1  Not at all","7  Extremely","6","1  Not at all","1  Not at all","6","1  Not at all","4","1  Not at all","4","2","4","5","6","1  Not at all","5","4","3","1  Not at all","","","","","","","","","","","5","3","5","3","5","1  Not at all","5","5","3","1  Not at all",5
"60","767","A","2065","","","","","","","","","","","7  Extremely","4","7  Extremely","4","5","2","1  Not at all","1  Not at all","1  Not at all","3","6","5","5","4","3","1  Not at all","1  Not at all","3","1  Not at all","1  Not at all","6","4","6","3","5","6","1  Not at all","1  Not at all","1  Not at all","1  Not at all","4","4","6","4","5","1  Not at all","1  Not at all","3","1  Not at all","1  Not at all",2
"61","815","E","2065","1  Not at all","6","4","5","6","1  Not at all","1  Not at all","6","2","2","5","5","5","6","6","1  Not at all","1  Not at all","3","3","5","4","5","4","5","6","1  Not at all","1  Not at all","5","2","3","5","5","4","5","6","1  Not at all","1  Not at all","4","2","4","","","","","","","","","","",6
"62","692","C","2066","4","6","3","5","4","1  Not at all","1  Not at all","1  Not at all","3","1  Not at all","4","5","2","4","3","1  Not at all","1  Not at all","2","2","1  Not at all","","","","","","","","","","","3","4","4","6","6","1  Not at all","1  Not at all","3","5","1  Not at all","5","4","6","7  Extremely","5","1  Not at all","6","6","3","1  Not at all",4
"63","752","B","2066","","6","6","5","6","1  Not at all","1  Not at all","1  Not at all","1  Not at all","1  Not at all","","","","","","","","","","","","6","6","5","6","1  Not at all","1  Not at all","3","1  Not at all","1  Not at all","","6","6","5","6","1  Not at all","1  Not at all","1  Not at all","1  Not at all","1  Not at all","","6","6","5","6","1  Not at all","1  Not at all","1  Not at all","1  Not at all","1  Not at all",3
"64","718","A","2066","","","","","","","","","","","3","6","7  Extremely","3","7  Extremely","2","1  Not at all","1  Not at all","2","2","4","6","5","3","7  Extremely","1  Not at all","1  Not at all","2","2","3","5","6","7  Extremely","5","7  Extremely","1  Not at all","1  Not at all","1  Not at all","2","2","6","6","7  Extremely","4","7  Extremely","1  Not at all","","2","2","2",2
"65","690","D","2066","5","7  Extremely","5","6","4","1  Not at all","1  Not at all","2","1  Not at all","6","3","4","5","3","3","2","1  Not at all","1  Not at all","4","4","2","5","2","5","5","1  Not at all","1  Not at all","7  Extremely","2","3","","","","","","","","","","","4","5","2","6","4","1  Not at all","1  Not at all","5","3","4",5
"66","720","E","2066","5","6","6","5","6","1  Not at all","1  Not at all","4","1  Not at all","1  Not at all","5","5","6","3","5","1  Not at all","1  Not at all","3","1  Not at all","2","3","6","4","4","6","1  Not at all","2","6","1  Not at all","2","7  Extremely","6","6","7  Extremely","7  Extremely","1  Not at all","1  Not at all","2","1  Not at all","1  Not at all","","","","","","","","","","",6
"67","801","D","2067","5","4","3","5","4","3","2","1  Not at all","2","2","4","4","4","4","4","3","2","2","2","2","4","4","3","4","4","3","2","3","1  Not at all","2","","","","","","","","","","","3","4","3","3","4","3","2","7  Extremely","1  Not at all","2",5
"68","741","B","2067","3","4","4","3","3","1  Not at all","1  Not at all","4","1  Not at all","5","","","","","","","","","","","5","5","5","5","5","1  Not at all","1  Not at all","1  Not at all","1  Not at all","3","6","6","5","6","5","1  Not at all","1  Not at all","1  Not at all","1  Not at all","4","1  Not at all","2","4","2","5","1  Not at all","1  Not at all","6","1  Not at all","6",3
"69","768","E","2067","2","4","3","3","4","4","1  Not at all","4","2","3","2","3","5","3","2","4","1  Not at all","4","3","2","2","3","4","3","5","4","1  Not at all","4","3","4","2","3","4","4","3","4","1  Not at all","4","3","2","","","","","","","","","","",6
"70","757","C","2067","6","4","2","3","6","2","1  Not at all","2","1  Not at all","2","5","5","6","5","5","1  Not at all","1  Not at all","1  Not at all","1  Not at all","2","","","","","","","","","","","3","5","3","3","6","1  Not at all","1  Not at all","6","1  Not at all","3","3","3","6","5","4","1  Not at all","1  Not at all","2","3","3",4
"71","801","A","2067","","","","","","","","","","","4","5","4","5","5","1  Not at all","3","3","3","3","4","4","4","5","4","1  Not at all","3","4","2","4","6","3","5","6","3","1  Not at all","4","1  Not at all","5","3","3","4","3","2","6","","2","7  Extremely","2","5",2
"72","787","D","2068","4","4","4","4","4","3","3","4","3","3","4","4","4","4","4","3","3","4","3","3","4","4","4","4","4","3","3","4","3","3","","","","","","","","","","","4","4","4","4","4","3","3","4","3","3",5
"73","797","B","2068","","7  Extremely","","","7  Extremely","","","4","","","","","","","","","","","","","","7  Extremely","","","7  Extremely","","","1  Not at all","","","","7  Extremely","","","7  Extremely","","","5","","","","7  Extremely","","","7  Extremely","","","3","","",3
"74","766","C","2068","2","2","2","2","2","2","3","5","2","4","1  Not at all","2","2","1  Not at all","2","1  Not at all","5","6","2","3","","","","","","","","","","","1  Not at all","3","1  Not at all","3","5","1  Not at all","4","6","1  Not at all","2","6","3","3","5","4","2","1  Not at all","2","1  Not at all","2",4
"75","726","A","2068","","","","","","","","","","","3","4","3","6","5","1  Not at all","1  Not at all","3","2","2","6","3","6","3","3","5","2","1  Not at all","1  Not at all","2","1  Not at all","6","4","3","6","2","1  Not at all","7  Extremely","1  Not at all","1  Not at all","5","5","6","7  Extremely","3","2","1  Not at all","3","2","2",2
"76","798","E","2068","6","4","5","4","7  Extremely","1  Not at all","1  Not at all","2","1  Not at all","1  Not at all","4","4","5","4","7  Extremely","1  Not at all","1  Not at all","5","1  Not at all","1  Not at all","5","4","5","4","7  Extremely","1  Not at all","1  Not at all","2","1  Not at all","1  Not at all","2","4","2","2","7  Extremely","1  Not at all","1  Not at all","6","1  Not at all","1  Not at all","","","","","","","","","","",6
"77","750","B","2069","3","4","5","3","3","1  Not at all","1  Not at all","2","1  Not at all","3","","","","","","","","","","","3","4","5","4","3","1  Not at all","1  Not at all","4","1  Not at all","3","3","3","4","5","5","1  Not at all","1  Not at all","5","1  Not at all","4","","","","","","","","","","",3
"78","923","D","2069","3","5","4","3","4","5","2","1  Not at all","3","3","1  Not at all","4","3","3","4","3","2","6","5","5","6","5","4","3","4","5","2","1  Not at all","2","2","","","","","","","","","","","","","","","","","","","","",5
"79","831","C","2069","5","5","5","5","5","1  Not at all","3","2","2","2","3","4","4","3","5","2","4","3","2","4","","","","","","","","","","","3","7  Extremely","3","6","6","1  Not at all","3","5","2","5","","","","","","","","","","",4
"80","905","A","2069","","","","","","","","","","","3","5","3","5","4","1  Not at all","1  Not at all","4","2","3","4","5","4","5","4","1  Not at all","1  Not at all","2","2","2","2","5","3","3","4","1  Not at all","1  Not at all","5","2","3","","","","","","","","","","",2
"81","811","B","270","4","4","3","3","4","2","1  Not at all","3","2","4","","","","","","","","","","","4","4","3","4","5","3","1  Not at all","4","2","3","4","4","3","4","3","3","1  Not at all","4","2","3","4","4","3","5","5","2","2","4","2","3",3
"82","821","A","2070","","","","","","","","","","","4","5","2","4","4","3","5","5","2","3","4","4","5","5","3","1  Not at all","4","5","2","2","3","5","4","3","5","2","5","4","4","5","3","4","3","4","4","3","2","5","3","4",2
"83","794","C","2070","5","6","6","4","6","6","1  Not at all","2","1  Not at all","2","2","2","6","5","6","1  Not at all","1  Not at all","5","2","5","","","","","","","","","","","5","6","6","5","6","5","1  Not at all","2","1  Not at all","2","6","5","6","5","6","5","1  Not at all","2","1  Not at all","2",4
"84","779","D","2070","6","4","4","3","6","4","1  Not at all","1  Not at all","1  Not at all","3","5","4","3","6","6","4","2","3","1  Not at all","4","6","4","4","4","6","4","1  Not at all","1  Not at all","1  Not at all","4","","","","","","","","","","","6","4","4","5","6","4","1  Not at all","2","1  Not at all","4",5
"85","824","E","2070","4","5","3","4","4","3","3","4","3","3","4","5","3","4","3","3","3","2","2","2","4","5","4","4","4","3","3","3","2","3","4","5","4","4","4","3","3","3","2","3","","","","","","","","","","",6
"86","789","B","2071","4","3","5","5","3","2","2","4","1  Not at all","2","","","","","","","","","","","3","4","3","4","3","4","5","3","4","3","3","4","4","3","3","4","3","3","2","2","","","","","","","","","","",3
"87","804","D","2071","5","4","5","6","5","1  Not at all","3","3","4","5","5","4","5","6","5","1  Not at all","3","3","4","5","3","4","4","6","5","1  Not at all","3","6","4","6","","","","","","","","","","","","","","","","","","","","",5
"88","748","A","2071","","","","","","","","","","","4","5","5","7  Extremely","5","1  Not at all","1  Not at all","1  Not at all","1  Not at all","1  Not at all","4","5","5","7  Extremely","5","1  Not at all","1  Not at all","1  Not at all","1  Not at all","1  Not at all","3","5","5","4","5","1  Not at all","2","2","1  Not at all","1  Not at all","","","","","","","","","","",2
"89","737","C","2071","5","3","4","4","6","1  Not at all","1  Not at all","1  Not at all","1  Not at all","1  Not at all","5","3","4","4","6","1  Not at all","1  Not at all","1  Not at all","1  Not at all","1  Not at all","","","","","","","","","","","4","3","3","3","6","1  Not at all","1  Not at all","2","1  Not at all","1  Not at all","","","","","","","","","","",4
"90","786","E","2072","3","5","4","5","5","4","1  Not at all","4","1  Not at all","1  Not at all","4","4","4","5","4","4","1  Not at all","4","1  Not at all","1  Not at all","4","5","5","4","5","3","1  Not at all","3","1  Not at all","1  Not at all","3","5","5","5","3","3","1  Not at all","5","1  Not at all","1  Not at all","","","","","","","","","","",6
"91","891","D","2072","6","5","6","5","5","4","1  Not at all","2","1  Not at all","1  Not at all","5","5","6","6","5","4","1  Not at all","2","1  Not at all","1  Not at all","7  Extremely","5","6","6","5","4","1  Not at all","2","1  Not at all","1  Not at all","","","","","","","","","","","4","5","6","5","5","4","1  Not at all","2","1  Not at all","1  Not at all",5
"92","834","B","2072","7  Extremely","6","7  Extremely","7  Extremely","5","1  Not at all","1  Not at all","1  Not at all","1  Not at all","1  Not at all","","","","","","","","","","","5","6","7  Extremely","7  Extremely","5","1  Not at all","1  Not at all","1  Not at all","1  Not at all","3","5","6","7  Extremely","7  Extremely","5","1  Not at all","1  Not at all","1  Not at all","1  Not at all","1  Not at all","4","6","7  Extremely","7  Extremely","5","1  Not at all","1  Not at all","1  Not at all","1  Not at all","2",3
"93","806","A","806","","","","","","","","","","","7  Extremely","5","7  Extremely","6","5","1  Not at all","1  Not at all","1  Not at all","1  Not at all","2","6","6","6","7  Extremely","6","1  Not at all","1  Not at all","3","1  Not at all","2","7  Extremely","4","6","5","5","1  Not at all","1  Not at all","1  Not at all","1  Not at all","3","5","5","6","5","7  Extremely","1  Not at all","1  Not at all","5","1  Not at all","3",2
"94","857","C","2072","4","5","3","5","5","1  Not at all","2","4","2","3","5","3","3","5","3","1  Not at all","2","3","4","4","","","","","","","","","","","3","3","5","3","3","2","2","2","4","3","2","5","3","3","5","2","3","4","3","4",4
"95","782","D","2073","4","5","5","5","5","1  Not at all","1  Not at all","2","1  Not at all","1  Not at all","5","4","4","4","5","1  Not at all","1  Not at all","1  Not at all","2","3","6","4","4","6","5","1  Not at all","1  Not at all","1  Not at all","3","2","","","","","","","","","","","","","","","","","","","","",5
"96","924","C","2073","3","4","4","4","6","1  Not at all","1  Not at all","5","1  Not at all","3","4","4","4","4","4","2","1  Not at all","3","1  Not at all","3","","","","","","","","","","","4","4","2","4","5","3","1  Not at all","3","1  Not at all","5","","","","","","","","","","",4
"97","920","B","2073","3","5","5","3","5","1  Not at all","2","5","2","2","","","","","","","","","","","4","4","6","4","5","2","2","3","3","1  Not at all","4","5","6","4","5","2","2","4","3","1  Not at all","","","","","","","","","","",3
"98","843","A","2073","","","","","","","","","","","2","5","2","5","5","1  Not at all","1  Not at all","6","3","5","7  Extremely","6","6","6","4","3","4","1  Not at all","3","4","6","4","3","3","4","4","5","1  Not at all","4","5","","","","","","","","","","",2
"99","827","D","2074","","","4","","","","","5","","1  Not at all","","","4","","","","","5","","1  Not at all","","","4","","","","","2","","1  Not at all","","","","","","","","","","","","","4","","","","","2","","1  Not at all",5
"100","906","A","2074","","","","","","","","","","","5","1  Not at all","6","6","7  Extremely","5","1  Not at all","4","1  Not at all","2","6","1  Not at all","6","5","6","6","1  Not at all","1  Not at all","1  Not at all","2","5","1  Not at all","6","6","6","4","1  Not at all","1  Not at all","1  Not at all","2","4","1  Not at all","6","5","7  Extremely","7  Extremely","1  Not at all","5","1  Not at all","2",2
"101","977","B","2074","2","3","2","3","4","2","2","6","3","4","","","","","","","","","","","6","4","4","2","3","4","3","3","5","3","4","4","3","4","5","3","3","3","2","4","5","3","5","3","4","3","2","2","2","2",3
"102","939","E","2074","1  Not at all","6","2","5","7  Extremely","1  Not at all","1  Not at all","7  Extremely","1  Not at all","5","3","6","5","4","6","1  Not at all","1  Not at all","6","1  Not at all","5","6","3","7  Extremely","2","2","1  Not at all","5","1  Not at all","1  Not at all","6","7  Extremely","4","7  Extremely","6","5","6","1  Not at all","1  Not at all","1  Not at all","5","","","","","","","","","","",6
"103","948","C","2074","3","5","4","2","7  Extremely","1  Not at all","1  Not at all","7  Extremely","1  Not at all","2","4","5","4","4","7  Extremely","1  Not at all","1  Not at all","6","1  Not at all","2","","","","","","","","","","","6","7  Extremely","5","6","7  Extremely","1  Not at all","1  Not at all","1  Not at all","1  Not at all","6","5","6","5","6","7  Extremely","1  Not at all","1  Not at all","3","1  Not at all","6",4
"104","977","B","2074","","","","","","","","","","","","","","","","","","","","","","","","","","","","","","","","","","","","","","","","","","","","","","","","","","",3
"105","889","E","2077","6","5","6","6","6","3","1  Not at all","1  Not at all","1  Not at all","1  Not at all","6","5","6","6","6","3","1  Not at all","1  Not at all","1  Not at all","1  Not at all","1  Not at all","1  Not at all","1  Not at all","1  Not at all","6","6","5","7  Extremely","1  Not at all","6","6","5","6","6","6","3","1  Not at all","1  Not at all","1  Not at all","1  Not at all","","","","","","","","","","",6
"106","839","B","2077","4","3","6","5","5","5","1  Not at all","4","1  Not at all","5","","","","","","","","","","","2","3","3","5","5","3","1  Not at all","4","1  Not at all","6","4","5","5","5","5","6","1  Not at all","4","1  Not at all","7  Extremely","4","3","7  Extremely","5","5","5","1  Not at all","4","1  Not at all","7  Extremely",3
"107","969","D","2077","4","5","5","5","7  Extremely","1  Not at all","1  Not at all","1  Not at all","1  Not at all","3","4","5","5","5","7  Extremely","1  Not at all","1  Not at all","1  Not at all","1  Not at all","3","2","4","2","2","7  Extremely","1  Not at all","1  Not at all","7  Extremely","1  Not at all","7  Extremely","","","","","","","","","","","4","5","5","5","7  Extremely","1  Not at all","1  Not at all","1  Not at all","1  Not at all","1  Not at all",5
"108","818","C","2077","5","4","5","4","5","1  Not at all","1  Not at all","4","1  Not at all","3","4","4","5","4","5","1  Not at all","1  Not at all","4","1  Not at all","3","","","","","","","","","","","4","4","5","4","5","1  Not at all","1  Not at all","4","1  Not at all","3","5","4","5","4","5","1  Not at all","1  Not at all","4","1  Not at all","3",4
"109","849","A","2077","","","","","","","","","","","5","5","5","3","5","4","4","4","2","4","5","5","5","5","4","5","5","4","1  Not at all","5","4","5","4","5","3","5","6","4","5","4","7  Extremely","5","6","5","4","5","2","5","3","6",2
"110","980","C","2078","4","5","5","5","6","1  Not at all","1  Not at all","6","3","1  Not at all","6","5","5","5","5","1  Not at all","1  Not at all","3","1  Not at all","1  Not at all","","","","","","","","","","","5","5","5","5","7  Extremely","1  Not at all","1  Not at all","3","1  Not at all","1  Not at all","","","","","","","","","","",4
"111","945","D","2078","5","7  Extremely","7  Extremely","6","6","1  Not at all","1  Not at all","6","1  Not at all","1  Not at all","5","6","7  Extremely","6","7  Extremely","1  Not at all","1  Not at all","4","1  Not at all","1  Not at all","7  Extremely","5","7  Extremely","7  Extremely","7  Extremely","1  Not at all","1  Not at all","1  Not at all","1  Not at all","1  Not at all","","","","","","","","","","","","","","","","","","","","",5
"112","995","B","2078","5","5","4","6","4","1  Not at all","1  Not at all","5","2","1  Not at all","","","","","","","","","","","6","4","5","5","6","1  Not at all","1  Not at all","2","3","1  Not at all","5","5","5","5","5","1  Not at all","1  Not at all","3","2","1  Not at all","","","","","","","","","","",3
"113","938","A","2078","","","","","","","","","","","6","6","5","7  Extremely","7  Extremely","1  Not at all","1  Not at all","2","2","2","7  Extremely","6","5","6","7  Extremely","1  Not at all","1  Not at all","2","3","3","6","6","5","6","7  Extremely","1  Not at all","1  Not at all","2","2","3","","","","","","","","","","",2
"114","999","E","999","","","","","","","","","","","","","","","","","","","","","","","","","","","","","","","","","","","","","","","","","","","","","","","","","","",6
"115","912","D","2079","5","7  Extremely","6","7  Extremely","7  Extremely","7  Extremely","1  Not at all","1  Not at all","2","3","4","7  Extremely","6","7  Extremely","6","6","1  Not at all","1  Not at all","3","3","5","7  Extremely","6","7  Extremely","7  Extremely","7  Extremely","1  Not at all","1  Not at all","1  Not at all","3","","","","","","","","","","","5","7  Extremely","5","7  Extremely","5","5","1  Not at all","1  Not at all","1  Not at all","3",5
"116","858","C","2079","5","4","3","4","4","3","1  Not at all","1  Not at all","1  Not at all","2","5","4","3","4","3","3","2","2","1  Not at all","2","","","","","","","","","","","2","3","3","3","3","3","3","3","1  Not at all","2","2","2","3","2","2","3","2","7  Extremely","1  Not at all","2",4
"117","879","E","2079","5","4","4","5","4","1  Not at all","1  Not at all","2","1  Not at all","1  Not at all","5","4","4","5","4","1  Not at all","1  Not at all","2","1  Not at all","2","4","4","4","5","4","1  Not at all","1  Not at all","4","1  Not at all","2","5","4","3","4","4","1  Not at all","1  Not at all","2","1  Not at all","2","","","","","","","","","","",6
"118","903","B","2079","5","6","6","","6","5","3","1  Not at all","1  Not at all","1  Not at all","","","","","","","","","","","5","6","6","","6","4","6","2","1  Not at all","1  Not at all","4","6","6","","6","3","5","4","1  Not at all","1  Not at all","3","6","6","","6","6","5","6","1  Not at all","1  Not at all",3
"119","925","A","2079","","","","","","","","","","","5","4","6","6","4","1  Not at all","1  Not at all","3","2","2","5","4","5","6","4","1  Not at all","1  Not at all","2","1  Not at all","4","2","3","6","6","3","1  Not at all","1  Not at all","5","5","4","2","4","4","3","5","2","1  Not at all","6","2","4",2
"120","955","C","281","5","5","5","6","5","5","2","2","2","2","5","5","5","5","6","3","1  Not at all","1  Not at all","2","2","","","","","","","","","","","4","5","5","4","5","4","1  Not at all","2","1  Not at all","2","4","4","5","4","5","4","1  Not at all","3","2","2",4
"121","989","D","2081","5","5","3","4","5","1  Not at all","1  Not at all","1  Not at all","1  Not at all","","4","5","3","4","5","1  Not at all","1  Not at all","1  Not at all","1  Not at all","","1  Not at all","4","3","4","5","1  Not at all","1  Not at all","5","1  Not at all","","","","","","","","","","","","5","4","3","4","5","1  Not at all","1  Not at all","1  Not at all","1  Not at all","",5
"122","898","E","2081","7  Extremely","7  Extremely","7  Extremely","6","7  Extremely","1  Not at all","1  Not at all","1  Not at all","1  Not at all","1  Not at all","7  Extremely","7  Extremely","7  Extremely","6","7  Extremely","1  Not at all","1  Not at all","1  Not at all","1  Not at all","1  Not at all","4","7  Extremely","7  Extremely","4","7  Extremely","1  Not at all","1  Not at all","5","1  Not at all","1  Not at all","7  Extremely","7  Extremely","7  Extremely","6","7  Extremely","1  Not at all","1  Not at all","1  Not at all","1  Not at all","1  Not at all","","","","","","","","","","",6
"123","892","B","2081","4","5","6","4","3","1  Not at all","1  Not at all","3","2","3","","","","","","","","","","","2","3","5","2","5","1  Not at all","1  Not at all","6","1  Not at all","2","4","5","6","5","6","1  Not at all","1  Not at all","5","1  Not at all","3","5","6","6","5","7  Extremely","1  Not at all","1  Not at all","4","1  Not at all","4",3
"124","897","A","2081","","","","","","","","","","","4","5","5","6","5","3","1  Not at all","4","4","6","2","5","5","6","5","3","1  Not at all","7  Extremely","3","5","5","5","5","6","5","3","1  Not at all","4","3","6","5","5","5","6","5","3","1  Not at all","4","4","6",2
"125","987","D","2082","4","5","5","6","6","1  Not at all","2","5","2","3","5","5","5","6","6","1  Not at all","2","3","2","3","4","5","5","6","6","1  Not at all","2","4","2","3","","","","","","","","","","","5","5","5","6","6","1  Not at all","2","3","2","3",5
"126","1000","A","2082","","","","","","","","","","","5","5","6","2","5","1  Not at all","1  Not at all","2","2","6","3","6","4","2","3","3","1  Not at all","3","2","3","3","5","4","4","5","2","1  Not at all","6","2","5","6","5","7  Extremely","6","5","1  Not at all","1  Not at all","3","2","1  Not at all",2
"127","952","E","2082","3","4","4","5","7  Extremely","1  Not at all","1  Not at all","5","1  Not at all","2","5","6","6","5","7  Extremely","1  Not at all","1  Not at all","3","1  Not at all","2","5","5","5","5","7  Extremely","1  Not at all","1  Not at all","4","1  Not at all","2","3","6","3","5","6","1  Not at all","1  Not at all","5","1  Not at all","2","","","","","","","","","","",6
"128","1039","C","2082","3","5","3","4","5","2","3","6","2","5","5","5","4","4","5","3","3","2","3","5","","","","","","","","","","","2","5","3","4","5","2","3","6","2","5","3","5","3","4","5","2","3","5","2","3",4
"129","988","B","2082","2","4","5","4","4","2","2","6","2","3","","","","","","","","","","","3","5","5","4","4","4","2","4","3","3","4","5","5","4","4","3","2","4","2","2","4","5","5","5","5","2","2","4","2","3",3
"130","979","A","2083","","","","","","","","","","","5","6","5","6","6","1  Not at all","1  Not at all","2","1  Not at all","4","","","","","","","","","","","5","6","7  Extremely","6","6","1  Not at all","1  Not at all","1  Not at all","2","3","5","5","5","5","6","1  Not at all","1  Not at all","2","1  Not at all","4",2
"131","868","D","2083","4","4","4","4","5","3","2","3","2","2","4","4","4","4","5","3","2","3","2","2","","","","","","","","","","","","","","","","","","","","","4","3","4","4","5","3","2","3","2","2",5
"132","909","B","2083","5","6","6","4","7  Extremely","1  Not at all","1  Not at all","1  Not at all","2","6","","","","","","","","","","","","","","","","","","","","","5","5","2","4","5","2","1  Not at all","1  Not at all","2","4","5","6","3","4","7  Extremely","1  Not at all","1  Not at all","4","3","4",3
"133","850","E","2083","3","5","3","3","5","2","2","4","1  Not at all","1  Not at all","4","4","3","4","4","1  Not at all","4","4","1  Not at all","1  Not at all","","","","","","","","","","","5","3","3","4","4","2","3","2","4","1  Not at all","","","","","","","","","","",6
"134","780","C","2083","","","","","","","","","","","","","","","","","","","","","","","","","","","","","","","","","","","","","","","","","","","","","","","","","","",4
"135","875","C","2084","7  Extremely","7  Extremely","5","5","7  Extremely","1  Not at all","1  Not at all","3","1  Not at all","1  Not at all","5","7  Extremely","5","4","7  Extremely","1  Not at all","1  Not at all","5","1  Not at all","1  Not at all","","","","","","","","","","","1  Not at all","7  Extremely","4","6","7  Extremely","1  Not at all","1  Not at all","7  Extremely","1  Not at all","1  Not at all","","","","","","","","","","",4
"136","877","D","2084","3","5","3","5","3","2","1  Not at all","4","5","3","3","5","2","2","3","3","1  Not at all","2","2","4","3","5","2","2","3","3","1  Not at all","2","2","5","","","","","","","","","","","","","","","","","","","","",5
"137","838","A","2084","","","","","","","","","","","5","3","3","3","5","1  Not at all","1  Not at all","1  Not at all","1  Not at all","1  Not at all","5","3","3","3","5","1  Not at all","1  Not at all","1  Not at all","1  Not at all","2","5","3","3","3","5","1  Not at all","1  Not at all","1  Not at all","1  Not at all","1  Not at all","","","","","","","","","","",2
"138","1010","B","2084","5","5","6","6","6","1  Not at all","1  Not at all","3","1  Not at all","3","","","","","","","","","","","6","5","6","6","6","1  Not at all","1  Not at all","1  Not at all","1  Not at all","3","5","5","6","6","6","1  Not at all","1  Not at all","5","1  Not at all","3","","","","","","","","","","",3
"139","899","D","2085","6","5","5","4","5","1  Not at all","1  Not at all","1  Not at all","1  Not at all","1  Not at all","6","5","5","4","5","1  Not at all","1  Not at all","1  Not at all","1  Not at all","1  Not at all","6","5","5","4","5","1  Not at all","1  Not at all","1  Not at all","1  Not at all","1  Not at all","","","","","","","","","","","","","","","","","","","","",5
"140","880","C","2085","5","5","5","3","2","5","2","1  Not at all","2","2","6","5","6","6","6","1  Not at all","4","1  Not at all","4","1  Not at all","","","","","","","","","","","1  Not at all","4","2","2","5","2","1  Not at all","7  Extremely","2","6","","","","","","","","","","",4
"141","973","A","2085","","","","","","","","","","","6","6","6","6","5","2","1  Not at all","","1  Not at all","1  Not at all","6","6","6","6","6","4","1  Not at all","","1  Not at all","1  Not at all","6","6","4","6","5","1  Not at all","1  Not at all","","1  Not at all","1  Not at all","","","","","","","","","","",2
"142","870","B","2085","6","6","5","5","7  Extremely","1  Not at all","1  Not at all","1  Not at all","1  Not at all","2","","","","","","","","","","","5","5","5","5","7  Extremely","1  Not at all","1  Not at all","1  Not at all","1  Not at all","2","4","6","5","4","7  Extremely","1  Not at all","1  Not at all","2","1  Not at all","3","","","","","","","","","","",3
"143","890","D","2086","5","5","7  Extremely","5","5","1  Not at all","1  Not at all","1  Not at all","1  Not at all","3","6","6","7  Extremely","5","5","1  Not at all","1  Not at all","2","1  Not at all","3","4","6","7  Extremely","3","4","1  Not at all","1  Not at all","5","1  Not at all","2","","","","","","","","","","","","","","","","","","","","",5
"144","982","C","2086","4","4","5","4","4","2","4","4","5","4","3","4","4","4","4","3","4","3","5","4","","","","","","","","","","","2","3","4","4","4","3","5","3","5","4","","","","","","","","","","",4
"145","959","B","2086","3","4","3","4","3","1  Not at all","1  Not at all","1  Not at all","2","3","","","","","","","","","","","2","5","1  Not at all","3","5","2","1  Not at all","6","2","6","5","3","2","5","1  Not at all","1  Not at all","2","1  Not at all","5","3","","","","","","","","","","",3
"146","991","A","2086","","","","","","","","","","","4","6","4","4","5","2","2","1  Not at all","1  Not at all","1  Not at all","5","5","5","5","5","1  Not at all","1  Not at all","1  Not at all","2","1  Not at all","6","5","4","5","4","1  Not at all","1  Not at all","1  Not at all","1  Not at all","1  Not at all","","","","","","","","","","",2
"147","1043","A","2087","","","","","","","","","","","3","3","4","3","4","2","1  Not at all","1  Not at all","4","1  Not at all","3","3","4","3","4","3","1  Not at all","1  Not at all","4","1  Not at all","2","3","4","5","6","2","1  Not at all","1  Not at all","3","1  Not at all","2","3","4","5","7  Extremely","2","1  Not at all","1  Not at all","2","1  Not at all",2
"148","986","D","2087","7  Extremely","7  Extremely","4","7  Extremely","6","1  Not at all","3","2","1  Not at all","1  Not at all","7  Extremely","7  Extremely","4","7  Extremely","6","1  Not at all","4","1  Not at all","1  Not at all","1  Not at all","7  Extremely","7  Extremely","4","7  Extremely","6","1  Not at all","2","1  Not at all","1  Not at all","1  Not at all","","","","","","","","","","","7  Extremely","7  Extremely","4","7  Extremely","6","1  Not at all","2","1  Not at all","1  Not at all","1  Not at all",5
"149","742","C","2087","3","5","3","5","7  Extremely","1  Not at all","2","6","2","5","5","2","6","6","4","3","2","3","5","3","","","","","","","","","","","3","3","4","4","4","1  Not at all","3","4","3","5","6","3","5","5","5","2","2","3","2","6",4
"150","997","E","2087","1  Not at all","5","3","5","6","1  Not at all","1  Not at all","6","1  Not at all","5","6","5","7  Extremely","5","6","1  Not at all","1  Not at all","1  Not at all","1  Not at all","2","7  Extremely","5","7  Extremely","6","6","1  Not at all","1  Not at all","1  Not at all","1  Not at all","2","4","5","6","5","6","1  Not at all","2","3","6","2","","","","","","","","","","",6
"151","1044","B","2087","3","5","3","3","4","1  Not at all","2","4","2","4","","","","","","","","","","","6","4","4","4","4","1  Not at all","2","2","3","3","4","3","4","4","4","1  Not at all","3","3","3","4","5","5","5","4","4","1  Not at all","4","2","3","2",3
"152","930","E","2088","3","5","5","5","6","3","3","5","3","4","4","4","5","4","4","3","4","2","3","4","6","6","5","5","5","5","2","2","2","5","4","3","4","3","3","3","3","5","3","4","","","","","","","","","","",6
"153","1037","C","2088","3","4","3","4","4","2","3","6","3","3","5","4","4","3","4","4","3","2","4","4","","","","","","","","","","","3","4","4","3","5","2","1  Not at all","4","3","4","5","4","4","4","5","2","1  Not at all","3","4","4",4
"154","825","B","2088","4","6","6","6","6","1  Not at all","1  Not at all","2","1  Not at all","2","","","","","","","","","","","6","5","6","5","4","1  Not at all","1  Not at all","2","1  Not at all","1  Not at all","3","4","5","4","4","1  Not at all","1  Not at all","3","1  Not at all","3","6","6","6","6","6","1  Not at all","1  Not at all","2","1  Not at all","1  Not at all",3
"155","1036","D","2088","4","4","5","5","6","2","2","5","1  Not at all","2","5","4","5","4","5","2","2","3","2","3","6","4","5","5","5","2","1  Not at all","2","1  Not at all","1  Not at all","","","","","","","","","","","5","4","5","4","5","2","1  Not at all","3","2","3",5
"156","992","A","2088","","","","","","","","","","","","","","","","","","","","","","","","","","","","","","","","","","","","","","","","","","","","","","","","","","",2
"157","976","C","2089","6","5","6","5","5","2","1  Not at all","4","1  Not at all","1  Not at all","6","5","6","5","4","2","1  Not at all","4","1  Not at all","1  Not at all","","","","","","","","","","","5","4","6","5","5","2","1  Not at all","4","1  Not at all","1  Not at all","6","4","6","5","4","2","1  Not at all","4","1  Not at all","1  Not at all",4
"158","944","A","2089","","","","","","","","","","","7  Extremely","4","5","3","4","3","2","3","2","2","5","3","5","5","4","5","4","2","6","4","5","4","5","2","4","4","4","5","4","4","3","5","5","4","5","5","5","5","5","5",2
"159","1011","E","2089","4","4","4","4","4","1  Not at all","1  Not at all","3","1  Not at all","4","7  Extremely","4","4","4","4","1  Not at all","1  Not at all","1  Not at all","1  Not at all","4","4","4","4","4","4","1  Not at all","1  Not at all","4","1  Not at all","4","4","4","4","4","4","1  Not at all","1  Not at all","3","1  Not at all","4","","","","","","","","","","",6
"160","900","D","2089","4","5","4","6","6","1  Not at all","1  Not at all","3","1  Not at all","2","6","4","6","2","2","2","2","1  Not at all","2","5","4","4","2","3","5","2","3","5","2","4","","","","","","","","","","","6","6","5","6","6","1  Not at all","2","2","1  Not at all","5",5
"161","1001","B","2089","4","5","4","4","6","1  Not at all","1  Not at all","5","1  Not at all","5","","","","","","","","","","","3","7  Extremely","4","5","6","1  Not at all","1  Not at all","5","1  Not at all","4","4","7  Extremely","4","6","7  Extremely","1  Not at all","1  Not at all","5","1  Not at all","5","6","5","4","5","6","1  Not at all","1  Not at all","1  Not at all","1  Not at all","2",3
"162","1040","A","2090","","","","","","","","","","","7  Extremely","4","5","4","6","2","1  Not at all","1  Not at all","1  Not at all","1  Not at all","6","4","4","4","6","1  Not at all","1  Not at all","2","1  Not at all","1  Not at all","5","4","4","4","6","1  Not at all","1  Not at all","2","1  Not at all","1  Not at all","6","4","4","4","6","1  Not at all","1  Not at all","1  Not at all","2","2",2
"163","949","E","2090","7  Extremely","6","6","6","7  Extremely","7  Extremely","3","7  Extremely","1  Not at all","6","6","4","4","3","4","2","2","4","1  Not at all","5","6","4","5","4","2","2","3","2","1  Not at all","5","6","3","6","1  Not at all","4","2","3","3","1  Not at all","6","","","","","","","","","","",6
"164","1015","D","2090","6","4","4","5","6","4","2","2","3","3","6","4","4","5","6","5","3","2","3","3","5","4","4","5","5","4","3","3","3","3","","","","","","","","","","","3","3","4","4","4","5","3","3","3","4",5
"165","932","C","2090","5","5","6","5","4","2","1  Not at all","3","2","3","5","6","5","5","5","2","1  Not at all","1  Not at all","1  Not at all","1  Not at all","","","","","","","","","","","4","5","5","5","6","1  Not at all","1  Not at all","3","2","1  Not at all","3","4","5","5","3","2","1  Not at all","5","2","3",4
"166","928","B","2090","4","6","5","7  Extremely","6","4","1  Not at all","5","2","1  Not at all","","","","","","","","","","","6","6","6","7  Extremely","6","6","1  Not at all","3","1  Not at all","1  Not at all","5","6","6","7  Extremely","6","4","1  Not at all","4","1  Not at all","1  Not at all","4","6","5","7  Extremely","6","5","3","4","1  Not at all","1  Not at all",3
"167","822","B","2091","5","5","5","4","5","2","1  Not at all","2","1  Not at all","2","","","","","","","","","","","4","5","5","4","5","2","1  Not at all","5","1  Not at all","3","5","5","5","4","5","2","1  Not at all","2","1  Not at all","3","4","5","5","4","5","2","1  Not at all","4","1  Not at all","3",3
"168","994","A","2091","","","","","","","","","","","6","4","5","5","5","1  Not at all","1  Not at all","1  Not at all","1  Not at all","2","5","3","5","4","5","1  Not at all","1  Not at all","1  Not at all","1  Not at all","2","4","3","6","5","6","1  Not at all","1  Not at all","1  Not at all","1  Not at all","2","2","3","4","5","5","1  Not at all","2","5","1  Not at all","3",2
"169","1060","C","2091","6","5","5","5","5","2","1  Not at all","2","1  Not at all","3","6","5","4","6","5","1  Not at all","1  Not at all","2","1  Not at all","4","","","","","","","","","","","5","4","5","4","5","2","1  Not at all","2","1  Not at all","4","4","5","3","6","6","1  Not at all","1  Not at all","4","1  Not at all","4",4
"170","950","E","2091","5","4","6","3","4","1  Not at all","2","2","1  Not at all","3","4","5","4","4","5","1  Not at all","1  Not at all","3","1  Not at all","2","4","7  Extremely","5","6","7  Extremely","1  Not at all","1  Not at all","3","1  Not at all","1  Not at all","7  Extremely","7  Extremely","6","6","7  Extremely","1  Not at all","1  Not at all","1  Not at all","1  Not at all","1  Not at all","","","","","","","","","","",6
"171","965","D","2091","5","6","5","6","6","1  Not at all","1  Not at all","5","1  Not at all","2","6","5","5","6","6","1  Not at all","1  Not at all","5","1  Not at all","2","5","5","5","6","6","1  Not at all","1  Not at all","6","1  Not at all","2","","","","","","","","","","","5","5","5","6","6","1  Not at all","1  Not at all","6","1  Not at all","2",5
"172","793","E","2092","4","4","3","3","5","2","2","2","1  Not at all","2","4","4","3","3","5","2","2","2","1  Not at all","2","4","4","3","3","5","2","2","2","1  Not at all","2","4","4","3","3","5","2","2","2","1  Not at all","2","","","","","","","","","","",6
"173","968","D","2092","7  Extremely","5","7  Extremely","6","7  Extremely","1  Not at all","1  Not at all","1  Not at all","1  Not at all","1  Not at all","4","5","7  Extremely","5","7  Extremely","1  Not at all","1  Not at all","3","1  Not at all","1  Not at all","4","5","7  Extremely","5","7  Extremely","1  Not at all","1  Not at all","3","1  Not at all","1  Not at all","","","","","","","","","","","1  Not at all","5","7  Extremely","4","7  Extremely","1  Not at all","1  Not at all","7  Extremely","4","2",5
"174","872","B","2092","4","4","4","5","6","1  Not at all","1  Not at all","4","2","2","","","","","","","","","","","4","4","5","5","6","1  Not at all","1  Not at all","4","2","2","4","4","5","5","6","1  Not at all","1  Not at all","4","2","2","4","4","4","5","6","1  Not at all","1  Not at all","5","2","2",3
"175","876","A","2092","","","","","","","","","","","6","6","5","5","5","1  Not at all","1  Not at all","4","1  Not at all","1  Not at all","6","6","5","5","5","1  Not at all","1  Not at all","4","1  Not at all","1  Not at all","6","6","5","5","5","1  Not at all","1  Not at all","4","1  Not at all","1  Not at all","6","6","5","5","5","1  Not at all","1  Not at all","5","1  Not at all","1  Not at all",2
"176","873","C","2092","3","7  Extremely","5","7  Extremely","7  Extremely","1  Not at all","4","3","3","3","3","7  Extremely","5","7  Extremely","7  Extremely","1  Not at all","4","2","3","3","","","","","","","","","","","4","6","5","7  Extremely","7  Extremely","1  Not at all","2","5","2","2","4","5","5","7  Extremely","7  Extremely","1  Not at all","2","3","3","2",4
"177","934","E","2093","7  Extremely","5","5","5","3","1  Not at all","1  Not at all","1  Not at all","2","5","6","4","5","5","5","1  Not at all","1  Not at all","3","2","2","4","4","5","4","5","1  Not at all","1  Not at all","3","2","3","2","3","1  Not at all","2","3","2","5","4","5","3","","","","","","","","","","",6
"178","936","D","2093","7  Extremely","4","6","6","4","5","1  Not at all","2","3","1  Not at all","5","4","4","4","4","5","1  Not at all","4","2","1  Not at all","4","4","5","4","4","6","1  Not at all","4","2","1  Not at all","","","","","","","","","","","4","4","4","4","4","6","1  Not at all","5","2","1  Not at all",5
"179","981","A","2093","","","","","","","","","","","6","4","4","4","4","1  Not at all","1  Not at all","2","2","2","6","4","4","4","4","1  Not at all","1  Not at all","2","2","2","4","4","4","2","4","1  Not at all","1  Not at all","6","2","7  Extremely","4","4","4","4","4","1  Not at all","1  Not at all","5","2","6",2
"180","937","B","2093","6","6","5","6","6","6","1  Not at all","2","1  Not at all","1  Not at all","","","","","","","","","","","5","6","5","6","6","6","1  Not at all","2","1  Not at all","1  Not at all","5","6","4","6","6","6","1  Not at all","4","1  Not at all","1  Not at all","5","6","5","6","6","6","1  Not at all","2","1  Not at all","1  Not at all",3
"181","859","C","2093","5","5","5","5","5","5","5","1  Not at all","1  Not at all","3","5","5","5","4","5","5","4","1  Not at all","1  Not at all","2","","","","","","","","","","","3","4","5","4","5","1  Not at all","5","4","2","3","5","5","5","4","5","5","5","2","1  Not at all","3",4
"182","964","E","2094","6","4","7  Extremely","6","4","4","1  Not at all","1  Not at all","1  Not at all","1  Not at all","6","4","5","6","7  Extremely","4","1  Not at all","5","1  Not at all","1  Not at all","6","4","6","6","5","4","1  Not at all","6","1  Not at all","1  Not at all","6","4","5","6","6","4","1  Not at all","5","1  Not at all","1  Not at all","","","","","","","","","","",6
"183","1020","C","2094","7  Extremely","4","6","2","4","3","1  Not at all","1  Not at all","1  Not at all","1  Not at all","1  Not at all","3","4","2","7  Extremely","1  Not at all","1  Not at all","7  Extremely","1  Not at all","5","","","","","","","","","","","4","4","5","4","5","4","1  Not at all","6","1  Not at all","2","7  Extremely","5","6","2","5","4","1  Not at all","1  Not at all","1  Not at all","1  Not at all",4
"184","1009","B","2094","6","4","4","","5","2","4","1  Not at all","4","3","","","","","","","","","","","4","4","4","","4","2","4","3","3","1  Not at all","3","4","4","","4","1  Not at all","4","6","3","3","6","4","4","","4","2","4","1  Not at all","4","3",3
"185","871","A","2094","","","","","","","","","","","3","3","2","3","4","3","2","5","3","2","3","4","4","4","4","4","2","1  Not at all","2","1  Not at all","2","3","2","3","3","3","3","6","2","1  Not at all","6","4","5","6","3","5","3","1  Not at all","3","2",2
"186","1034","D","2094","5","3","5","5","3","1  Not at all","2","2","4","2","4","5","6","3","2","3","2","6","2","4","5","4","5","3","4","2","3","5","3","3","","","","","","","","","","","6","4","5","5","5","2","2","4","4","2",5
"187","999","A","999","","","","","","","","","","","","","","","","","","","","","","","","","","","","","","","","","","","","","","","","","","","","","","","","","","",2
"188","929","C","2095","3","7  Extremely","4","6","6","1  Not at all","1  Not at all","7  Extremely","1  Not at all","1  Not at all","4","7  Extremely","5","6","6","1  Not at all","1  Not at all","5","1  Not at all","1  Not at all","","","","","","","","","","","6","7  Extremely","6","6","6","1  Not at all","1  Not at all","4","1  Not at all","1  Not at all","4","7  Extremely","5","6","6","1  Not at all","1  Not at all","6","1  Not at all","1  Not at all",4
"189","885","E","2095","3","5","5","6","7  Extremely","1  Not at all","2","6","1  Not at all","4","7  Extremely","5","5","6","7  Extremely","1  Not at all","1  Not at all","2","1  Not at all","3","7  Extremely","5","5","6","7  Extremely","1  Not at all","1  Not at all","2","1  Not at all","3","7  Extremely","5","5","6","7  Extremely","1  Not at all","1  Not at all","2","1  Not at all","3","","","","","","","","","","",6
"190","819","D","2095","3","5","5","5","6","1  Not at all","2","6","2","2","5","6","6","4","6","2","2","3","2","3","3","5","5","3","5","4","2","3","4","2","","","","","","","","","","","3","4","5","2","5","2","3","3","3","2",5
"191","1041","A","2095","","","","","","","","","","","5","5","4","4","4","1  Not at all","1  Not at all","4","1  Not at all","2","6","4","4","4","3","1  Not at all","1  Not at all","1  Not at all","1  Not at all","1  Not at all","6","4","4","4","4","1  Not at all","1  Not at all","1  Not at all","1  Not at all","1  Not at all","4","4","4","3","4","1  Not at all","1  Not at all","5","1  Not at all","3",2
"192","1005","B","2095","3","5","4","5","4","1  Not at all","5","6","2","4","","","","","","","","","","","5","5","6","5","4","3","3","4","3","3","5","5","6","4","4","3","5","4","3","3","4","5","4","4","4","3","4","4","3","3",3
"193","887","C","2096","4","5","6","5","6","1  Not at all","1  Not at all","3","1  Not at all","2","4","5","6","5","6","1  Not at all","1  Not at all","3","1  Not at all","2","","","","","","","","","","","1  Not at all","4","5","4","6","1  Not at all","1  Not at all","6","1  Not at all","3","","","","","","","","","","",4
"194","788","D","2096","3","3","4","3","7  Extremely","1  Not at all","","3","1  Not at all","5","2","5","4","3","7  Extremely","1  Not at all","","5","1  Not at all","3","5","3","4","4","6","1  Not at all","","4","1  Not at all","2","","","","","","","","","","","","","","","","","","","","",5
"195","1008","A","2096","","","","","","","","","","","4","6","5","4","6","5","2","4","1  Not at all","3","4","6","5","4","6","5","2","4","1  Not at all","3","3","6","4","4","6","5","2","2","1  Not at all","3","","","","","","","","","","",2
"196","1007","B","2096","4","5","5","6","5","1  Not at all","1  Not at all","5","1  Not at all","1  Not at all","","","","","","","","","","","4","5","5","6","5","1  Not at all","1  Not at all","5","1  Not at all","1  Not at all","3","5","4","5","5","1  Not at all","1  Not at all","3","1  Not at all","1  Not at all","","","","","","","","","","",3
"197","787","B","3082","4","4","4","4","4","3","3","3","3","3","","","","","","","","","","","","","","","","","","","","","","","","","","","","","","","","","","","","","","","","",3
"198","824","A","3082","","","","","","","","","","","2","5","3","4","4","3","3","4","2","2","","","","","","","","","","","","","","","","","","","","","","","","","","","","","","",2
"199","1088","A","2099","","","","","","","","","","","6","4","4","3","3","1  Not at all","1  Not at all","1  Not at all","5","1  Not at all","3","4","5","4","4","1  Not at all","4","5","4","3","4","4","5","5","6","1  Not at all","2","6","4","3","","","","","","","","","","",2
"200","1089","C","2099","3","3","5","4","5","1  Not at all","2","4","2","3","2","3","5","4","4","1  Not at all","2","5","2","3","","","","","","","","","","","2","3","5","4","5","1  Not at all","2","4","2","3","","","","","","","","","","",4
"201","1101","D","2099","1  Not at all","4","4","5","6","3","1  Not at all","5","1  Not at all","1  Not at all","7  Extremely","4","6","5","5","2","1  Not at all","2","1  Not at all","1  Not at all","5","4","4","5","5","3","4","4","1  Not at all","2","","","","","","","","","","","","","","","","","","","","",5
"202","1098","B","2099","4","4","4","4","4","4","1  Not at all","4","1  Not at all","4","","","","","","","","","","","4","4","4","4","4","4","1  Not at all","4","1  Not at all","4","4","4","4","4","4","4","1  Not at all","4","1  Not at all","4","","","","","","","","","","",3
"203","1095","C","2098","","","","","","","","","","","","","","","","","","","","","","","","","","","","","","","","","","","","","","","","","","","","","","","","","","",4
"204","1100","D","2098","","","","","","","","","","","","","","","","","","","","","","","","","","","","","","","","","","","","","","","","","","","","","","","","","","",5
"205","1085","A","2098","","","","","","","","","","","","","","","","","","","","","","","","","","","","","","","","","","","","","","","","","","","","","","","","","","",2
"206","1106","B","2098","","","","","","","","","","","","","","","","","","","","","","","","","","","","","","","","","","","","","","","","","","","","","","","","","","",3
"207","1080","C","2102","4","5","5","4","4","3","1  Not at all","5","1  Not at all","2","5","5","5","4","4","3","1  Not at all","4","1  Not at all","2","","","","","","","","","","","4","5","5","4","4","3","1  Not at all","5","1  Not at all","3","","","","","","","","","","",4
"208","1118","A","2102","","","","","","","","","","","7  Extremely","7  Extremely","7  Extremely","6","6","1  Not at all","1  Not at all","2","1  Not at all","1  Not at all","3","5","5","6","6","1  Not at all","1  Not at all","5","1  Not at all","3","4","5","5","6","6","1  Not at all","1  Not at all","4","1  Not at all","2","","","","","","","","","","",2
"209","1081","D","2102","7  Extremely","7  Extremely","7  Extremely","4","7  Extremely","5","1  Not at all","1  Not at all","1  Not at all","1  Not at all","7  Extremely","7  Extremely","7  Extremely","4","7  Extremely","5","1  Not at all","1  Not at all","1  Not at all","1  Not at all","1  Not at all","7  Extremely","4","4","7  Extremely","4","1  Not at all","7  Extremely","1  Not at all","1  Not at all","","","","","","","","","","","","","","","","","","","","",5
"210","1123","B","2102","6","5","4","5","5","1  Not at all","1  Not at all","1  Not at all","1  Not at all","2","","","","","","","","","","","1  Not at all","2","2","5","7  Extremely","1  Not at all","1  Not at all","7  Extremely","1  Not at all","5","3","3","3","5","7  Extremely","1  Not at all","1  Not at all","3","1  Not at all","4","","","","","","","","","","",3
"211","1148","C","2104","6","5","5","7  Extremely","7  Extremely","1  Not at all","1  Not at all","4","1  Not at all","1  Not at all","6","5","5","7  Extremely","7  Extremely","1  Not at all","1  Not at all","4","1  Not at all","1  Not at all","","","","","","","","","","","7  Extremely","5","5","7  Extremely","7  Extremely","1  Not at all","1  Not at all","3","1  Not at all","1  Not at all","7  Extremely","5","5","7  Extremely","7  Extremely","1  Not at all","1  Not at all","3","1  Not at all","1  Not at all",4
"212","1097","A","2104","","","","","","","","","","","3","4","3","6","6","1  Not at all","3","7  Extremely","2","1  Not at all","4","5","4","5","6","1  Not at all","3","6","2","1  Not at all","6","4","5","5","5","1  Not at all","3","5","2","1  Not at all","4","5","5","6","6","1  Not at all","2","5","2","1  Not at all",2
"213","1150","D","2104","6","6","6","5","6","2","1  Not at all","3","2","4","7  Extremely","6","5","5","6","2","1  Not at all","3","2","4","5","6","6","5","6","2","1  Not at all","2","3","4","","","","","","","","","","","6","6","6","5","6","2","1  Not at all","2","2","4",5
"214","1152","E","2104","5","5","4","5","5","2","3","2","3","4","4","5","4","5","5","2","4","3","2","4","5","5","4","5","5","2","4","2","4","4","4","5","4","5","5","2","5","3","2","4","","","","","","","","","","",6
"215","1169","D","2105","6","6","6","6","6","1  Not at all","1  Not at all","1  Not at all","1  Not at all","1  Not at all","5","6","5","5","6","1  Not at all","1  Not at all","1  Not at all","1  Not at all","1  Not at all","7  Extremely","6","6","5","4","1  Not at all","1  Not at all","1  Not at all","1  Not at all","1  Not at all","","","","","","","","","","","","","","","","","","","","",5
"216","1132","C","2105","5","4","7  Extremely","5","4","1  Not at all","1  Not at all","1  Not at all","1  Not at all","1  Not at all","4","4","4","5","4","1  Not at all","1  Not at all","1  Not at all","1  Not at all","1  Not at all","","","","","","","","","","","4","4","4","5","4","1  Not at all","1  Not at all","4","1  Not at all","1  Not at all","","","","","","","","","","",4
"217","1136","A","2105","","","","","","","","","","","5","7  Extremely","5","4","6","4","1  Not at all","1  Not at all","1  Not at all","1  Not at all","6","7  Extremely","5","6","6","3","1  Not at all","1  Not at all","1  Not at all","1  Not at all","4","7  Extremely","5","6","6","3","1  Not at all","2","1  Not at all","1  Not at all","","","","","","","","","","",2
"218","1138","B","2105","3","5","4","4","6","3","2","3","1  Not at all","4","","","","","","","","","","","6","3","6","1  Not at all","3","2","3","1  Not at all","3","5","2","5","3","1  Not at all","6","4","3","6","2","4","","","","","","","","","","",3
"219","1129","A","2106","","","","","","","","","","","3","4","3","4","2","4","3","2","3","2","3","3","4","3","4","4","2","1  Not at all","4","3","2","3","2","3","3","3","3","3","1  Not at all","2","3","3","3","2","4","4","3","3","2","4",2
"220","1124","E","2106","6","4","5","4","5","4","2","2","4","2","2","6","4","4","6","1  Not at all","3","4","1  Not at all","4","3","4","3","3","4","4","1  Not at all","5","3","5","3","3","4","4","4","3","3","5","2","5","","","","","","","","","","",6
"221","1135","C","2106","4","4","4","3","4","2","1  Not at all","3","3","3","3","4","4","3","3","2","1  Not at all","2","3","5","","","","","","","","","","","2","4","4","2","4","2","1  Not at all","5","3","5","5","4","4","3","2","2","1  Not at all","1  Not at all","4","3",4
"222","1125","D","2106","5","3","4","4","4","1  Not at all","2","2","2","2","5","3","4","4","4","1  Not at all","2","2","2","2","3","3","4","4","4","1  Not at all","2","5","2","4","","","","","","","","","","","6","3","4","4","2","1  Not at all","2","1  Not at all","2","2",5
"223","1127","B","2106","3","7  Extremely","4","7  Extremely","7  Extremely","1  Not at all","1  Not at all","7  Extremely","1  Not at all","3","","","","","","","","","","","5","7  Extremely","5","7  Extremely","5","1  Not at all","1  Not at all","6","1  Not at all","3","5","7  Extremely","5","7  Extremely","4","1  Not at all","1  Not at all","4","1  Not at all","3","5","5","6","5","4","3","3","2","1  Not at all","3",3
"224","1157","D","2107","5","4","6","5","5","1  Not at all","1  Not at all","1  Not at all","1  Not at all","3","4","4","6","5","5","1  Not at all","1  Not at all","1  Not at all","1  Not at all","3","4","4","6","5","5","1  Not at all","1  Not at all","2","1  Not at all","3","","","","","","","","","","","","","","","","","","","","",5
"225","1156","B","2107","4","5","6","3","6","3","1  Not at all","1  Not at all","1  Not at all","4","","","","","","","","","","","2","5","4","4","7  Extremely","1  Not at all","1  Not at all","6","1  Not at all","5","7  Extremely","5","6","4","5","2","1  Not at all","1  Not at all","1  Not at all","5","","","","","","","","","","",3
"226","1170","A","2107","","","","","","","","","","","7  Extremely","7  Extremely","5","7  Extremely","7  Extremely","1  Not at all","1  Not at all","1  Not at all","1  Not at all","1  Not at all","7  Extremely","7  Extremely","5","7  Extremely","7  Extremely","1  Not at all","1  Not at all","2","1  Not at all","1  Not at all","7  Extremely","7  Extremely","5","7  Extremely","7  Extremely","1  Not at all","1  Not at all","1  Not at all","1  Not at all","1  Not at all","","","","","","","","","","",2
"227","1155","C","2107","5","4","2","2","7  Extremely","2","1  Not at all","1  Not at all","1  Not at all","2","4","4","2","2","7  Extremely","2","1  Not at all","2","1  Not at all","2","","","","","","","","","","","6","4","2","2","7  Extremely","2","1  Not at all","1  Not at all","1  Not at all","2","","","","","","","","","","",4
"228","1150","E","2104","","","","","","","","","","","","","","","","","","","","","","","","","","","","","","","","","","","","","","","","","","","","","","","","","","",6
"229","1152","D","2104","","","","","","","","","","","","","","","","","","","","","","","","","","","","","","","","","","","","","","","","","","","","","","","","","","",5
"230","1147","B","2104","","","","","","","","","","","","","","","","","","","","","","","","","","","","","","","","","","","","","","","","","","","","","","","","","","",3
"231","1182","B","2108","1  Not at all","3","3","4","3","3","1  Not at all","3","3","2","","","","","","","","","","","3","2","3","2","4","2","2","3","2","1  Not at all","3","3","4","3","3","2","2","1  Not at all","4","3","6","1  Not at all","3","5","4","2","3","4","3","3",3
"232","1154","C","2108","6","7  Extremely","5","7  Extremely","7  Extremely","1  Not at all","1  Not at all","1  Not at all","1  Not at all","1  Not at all","7  Extremely","7  Extremely","6","7  Extremely","7  Extremely","1  Not at all","1  Not at all","1  Not at all","1  Not at all","1  Not at all","","","","","","","","","","","4","7  Extremely","5","7  Extremely","7  Extremely","1  Not at all","1  Not at all","4","1  Not at all","1  Not at all","7  Extremely","7  Extremely","4","7  Extremely","7  Extremely","1  Not at all","1  Not at all","1  Not at all","1  Not at all","1  Not at all",4
"233","1134","E","2108","3","6","4","3","7  Extremely","1  Not at all","1  Not at all","6","1  Not at all","1  Not at all","3","6","6","7  Extremely","4","1  Not at all","1  Not at all","4","1  Not at all","1  Not at all","6","6","4","4","3","1  Not at all","1  Not at all","4","1  Not at all","1  Not at all","3","6","6","4","7  Extremely","1  Not at all","1  Not at all","5","1  Not at all","1  Not at all","","","","","","","","","","",6
"234","1153","A","2108","","","","","","","","","","","4","4","5","5","7  Extremely","1  Not at all","1  Not at all","2","1  Not at all","5","7  Extremely","4","5","4","7  Extremely","1  Not at all","1  Not at all","1  Not at all","1  Not at all","4","2","4","5","6","7  Extremely","1  Not at all","1  Not at all","4","1  Not at all","4","7  Extremely","4","5","3","7  Extremely","1  Not at all","1  Not at all","1  Not at all","1  Not at all","6",2
"235","1173","D","2108","3","4","5","3","5","2","1  Not at all","3","3","5","4","4","5","4","5","1  Not at all","1  Not at all","3","3","2","5","3","5","4","4","4","2","1  Not at all","3","4","","","","","","","","","","","4","5","5","5","5","3","1  Not at all","2","3","4",5
"236","1161","A","2109","","","","","","","","","","","4","3","4","4","4","4","5","5","4","3","4","4","4","4","7  Extremely","3","3","4","4","2","3","6","4","4","5","5","3","4","3","3","5","3","4","4","3","3","5","3","6","4",2
"237","1163","E","2109","2","4","4","2","2","3","5","7  Extremely","6","2","2","4","3","5","4","4","5","2","3","6","2","5","1  Not at all","2","4","2","7  Extremely","5","2","2","5","4","3","6","4","4","6","5","5","3","","","","","","","","","","",6
"238","1164","C","2109","4","4","5","2","5","2","3","2","3","2","2","4","3","5","3","1  Not at all","2","5","3","4","","","","","","","","","","","3","4","3","3","4","1  Not at all","3","3","3","3","5","3","5","3","3","1  Not at all","4","1  Not at all","4","2",4
"239","1160","D","2109","6","6","6","6","5","5","2","2","2","1  Not at all","5","5","5","5","4","5","2","4","2","3","4","4","4","3","5","3","2","4","3","3","","","","","","","","","","","3","5","6","6","5","6","1  Not at all","2","4","2",5
"240","1158","B","2109","6","6","6","6","6","5","1  Not at all","2","1  Not at all","3","","","","","","","","","","","5","6","5","6","6","5","1  Not at all","6","1  Not at all","3","6","5","6","5","6","5","1  Not at all","5","1  Not at all","3","7  Extremely","7  Extremely","6","6","6","5","1  Not at all","1  Not at all","1  Not at all","1  Not at all",3
"241","1174","C","2110","6","6","7  Extremely","6","7  Extremely","1  Not at all","1  Not at all","1  Not at all","1  Not at all","1  Not at all","7  Extremely","6","7  Extremely","6","7  Extremely","1  Not at all","1  Not at all","1  Not at all","1  Not at all","1  Not at all","","","","","","","","","","","5","6","7  Extremely","6","7  Extremely","1  Not at all","1  Not at all","1  Not at all","1  Not at all","1  Not at all","6","6","7  Extremely","6","7  Extremely","1  Not at all","1  Not at all","1  Not at all","1  Not at all","1  Not at all",4
"242","1165","E","2110","7  Extremely","4","4","2","4","1  Not at all","1  Not at all","4","1  Not at all","1  Not at all","7  Extremely","4","4","2","4","1  Not at all","1  Not at all","2","1  Not at all","1  Not at all","7  Extremely","4","4","2","4","1  Not at all","1  Not at all","2","1  Not at all","1  Not at all","7  Extremely","4","4","2","4","1  Not at all","1  Not at all","4","1  Not at all","1  Not at all","","","","","","","","","","",6
"243","1139","D","2110","3","4","5","3","7  Extremely","5","1  Not at all","1  Not at all","1  Not at all","5","5","3","4","4","7  Extremely","3","1  Not at all","1  Not at all","1  Not at all","3","2","5","4","3","7  Extremely","5","1  Not at all","1  Not at all","1  Not at all","4","","","","","","","","","","","4","2","4","3","7  Extremely","5","1  Not at all","1  Not at all","1  Not at all","6",5
"244","1166","A","2110","","","","","","","","","","","5","5","6","5","5","2","2","2","4","4","5","6","5","5","5","2","2","4","4","5","1  Not at all","5","6","3","7  Extremely","5","6","7  Extremely","2","6","3","5","6","5","5","2","2","5","3","2",2
"245","1168","B","2110","5","6","5","6","6","1  Not at all","2","4","2","1  Not at all","","","","","","","","","","","5","6","5","6","6","1  Not at all","2","4","2","1  Not at all","4","6","5","6","6","1  Not at all","2","5","2","2","5","6","6","6","6","1  Not at all","2","4","2","1  Not at all",3
"246","1178","C","2112","1  Not at all","7  Extremely","7  Extremely","5","7  Extremely","1  Not at all","1  Not at all","1  Not at all","1  Not at all","3","1  Not at all","6","7  Extremely","5","7  Extremely","1  Not at all","1  Not at all","6","1  Not at all","6","","","","","","","","","","","1  Not at all","7  Extremely","7  Extremely","5","7  Extremely","2","1  Not at all","1  Not at all","1  Not at all","2","","","","","","","","","","",4
"247","1189","D","2112","7  Extremely","6","7  Extremely","7  Extremely","6","1  Not at all","1  Not at all","1  Not at all","1  Not at all","1  Not at all","4","4","3","4","5","1  Not at all","1  Not at all","5","1  Not at all","3","1  Not at all","3","1  Not at all","1  Not at all","2","1  Not at all","1  Not at all","7  Extremely","1  Not at all","7  Extremely","","","","","","","","","","","","","","","","","","","","",5
"248","1162","B","2112","7  Extremely","7  Extremely","7  Extremely","7  Extremely","7  Extremely","1  Not at all","1  Not at all","1  Not at all","1  Not at all","1  Not at all","","","","","","","","","","","7  Extremely","7  Extremely","7  Extremely","7  Extremely","7  Extremely","1  Not at all","1  Not at all","1  Not at all","1  Not at all","1  Not at all","7  Extremely","7  Extremely","7  Extremely","7  Extremely","7  Extremely","1  Not at all","1  Not at all","1  Not at all","1  Not at all","1  Not at all","","","","","","","","","","",3
"249","1188","A","2112","","","","","","","","","","","1  Not at all","5","2","7  Extremely","6","1  Not at all","1  Not at all","7  Extremely","1  Not at all","5","1  Not at all","3","3","4","5","1  Not at all","1  Not at all","7  Extremely","1  Not at all","5","1  Not at all","5","6","4","5","1  Not at all","1  Not at all","1  Not at all","1  Not at all","1  Not at all","","","","","","","","","","",2
"250","999","B","2999","","","","","","","","","","","","","","","","","","","","","","","","","","","","","","","","","","","","","","","","","","","","","","","","","","",3
"251","999","A","999","","","","","","","","","","","","","","","","","","","","","","","","","","","","","","","","","","","","","","","","","","","","","","","","","","",2
"252","999","A","999","","","","","","","","","","","","","","","","","","","","","","","","","","","","","","","","","","","","","","","","","","","","","","","","","","",2
